"Hugo_Symbol","Frame_Shift_Del","Frame_Shift_Ins","In_Frame_Del","In_Frame_Ins","Missense_Mutation","Nonsense_Mutation","Nonstop_Mutation","Splice_Site","Translation_Start_Site","total","MutatedSamples","AlteredSamples"
"NPM1",0,10,0,0,1,0,0,0,0,11,11,11
"TP53",1,0,0,0,8,0,0,2,0,11,9,9
"DNMT3A",1,0,0,0,5,0,0,3,0,9,8,8
"ASXL1",2,2,0,0,1,2,0,1,0,8,8,8
"RUNX1",0,3,2,0,3,0,0,0,0,8,8,8
"TTN",0,2,0,0,7,0,0,0,0,9,7,7
"IDH2",0,0,0,0,7,0,0,0,0,7,7,7
"KRAS",0,0,0,0,7,0,0,0,0,7,7,7
"BCORL1",0,3,0,0,5,0,0,0,0,8,6,6
"FLT3",0,0,0,0,6,0,0,0,0,6,6,6
"KIT",1,0,1,1,3,0,0,0,0,6,5,5
"MUC16",0,0,0,0,6,0,0,0,0,6,5,5
"FAT2",0,0,0,0,4,0,0,0,0,4,4,4
"IDH1",0,0,0,0,4,0,0,0,0,4,4,4
"IQCN",0,0,0,0,4,0,0,0,0,4,4,4
"PAN2",0,0,0,0,3,1,0,0,0,4,4,4
"PRPF8",0,0,0,0,3,0,0,1,0,4,4,4
"DNAH7",0,1,0,0,4,0,0,0,0,5,3,3
"HIVEP3",0,0,0,0,5,0,0,0,0,5,3,3
"KMT2D",0,0,0,0,4,1,0,0,0,5,3,3
"EDC4",0,0,0,0,4,0,0,0,0,4,3,3
"EIF5B",0,1,0,0,2,1,0,0,0,4,3,3
"SETD2",0,2,0,0,2,0,0,0,0,4,3,3
"ADGRL4",1,0,0,0,2,0,0,0,0,3,3,3
"BSN",0,0,0,0,3,0,0,0,0,3,3,3
"C6orf118",0,0,0,0,3,0,0,0,0,3,3,3
"CACNA1C",0,0,0,0,3,0,0,0,0,3,3,3
"CEBPA",0,0,0,2,1,0,0,0,0,3,3,3
"DNAH11",0,0,0,0,2,1,0,0,0,3,3,3
"DOP1B",0,0,0,0,3,0,0,0,0,3,3,3
"ELF4",0,0,0,0,2,1,0,0,0,3,3,3
"FAM13A",0,0,0,0,3,0,0,0,0,3,3,3
"GOLGA1",0,0,0,0,3,0,0,0,0,3,3,3
"ITPR3",0,0,0,0,3,0,0,0,0,3,3,3
"KDM6A",1,0,0,0,2,0,0,0,0,3,3,3
"LNX1",0,0,0,0,3,0,0,0,0,3,3,3
"MAP4",0,1,0,0,2,0,0,0,0,3,3,3
"NF1",0,0,0,0,2,1,0,0,0,3,3,3
"PCLO",0,0,0,0,3,0,0,0,0,3,3,3
"PHF6",0,0,0,0,1,1,0,1,0,3,3,3
"PTPN11",0,0,0,0,3,0,0,0,0,3,3,3
"RAPGEF2",0,0,0,0,2,1,0,0,0,3,3,3
"SAXO2",0,0,0,0,3,0,0,0,0,3,3,3
"SMC1A",0,0,0,0,3,0,0,0,0,3,3,3
"SPEN",0,0,0,0,2,1,0,0,0,3,3,3
"SYTL2",0,0,0,0,3,0,0,0,0,3,3,3
"TRPV5",0,0,0,0,2,1,0,0,0,3,3,3
"UBR4",0,1,0,0,2,0,0,0,0,3,3,3
"USP6",0,0,0,0,3,0,0,0,0,3,3,3
"ZFHX4",0,1,0,0,2,0,0,0,0,3,3,3
"AHNAK2",0,0,0,0,4,0,0,0,0,4,2,2
"FAT1",0,0,0,0,3,1,0,0,0,4,2,2
"AHNAK",0,0,0,0,3,0,0,0,0,3,2,2
"ATP8B4",0,1,0,0,0,2,0,0,0,3,2,2
"BRINP3",0,0,0,0,3,0,0,0,0,3,2,2
"FAT4",0,1,0,0,2,0,0,0,0,3,2,2
"FKBP15",0,0,0,0,3,0,0,0,0,3,2,2
"GPR179",0,0,0,0,3,0,0,0,0,3,2,2
"KIAA1217",0,0,0,0,3,0,0,0,0,3,2,2
"LARP1",0,1,0,0,2,0,0,0,0,3,2,2
"LRP1",0,1,0,0,1,0,0,1,0,3,2,2
"MYH11",0,0,0,0,2,1,0,0,0,3,2,2
"MYH13",0,0,0,0,3,0,0,0,0,3,2,2
"NEB",0,0,0,0,3,0,0,0,0,3,2,2
"SYNE1",0,0,0,0,3,0,0,0,0,3,2,2
"TJAP1",0,0,0,0,3,0,0,0,0,3,2,2
"TNC",0,0,0,0,3,0,0,0,0,3,2,2
"UBA1",0,0,0,0,2,0,0,1,0,3,2,2
"VARS2",0,0,0,0,3,0,0,0,0,3,2,2
"ZBTB39",0,0,0,0,3,0,0,0,0,3,2,2
"ABCA3",0,0,0,0,1,1,0,0,0,2,2,2
"AC092143.1",0,0,0,0,2,0,0,0,0,2,2,2
"ACO1",0,0,0,0,2,0,0,0,0,2,2,2
"ACVR1B",0,0,0,0,2,0,0,0,0,2,2,2
"ADAM12",0,0,0,0,1,0,0,1,0,2,2,2
"ADGRA2",0,0,0,0,2,0,0,0,0,2,2,2
"ADGRG4",0,0,0,0,2,0,0,0,0,2,2,2
"ADSS2",0,0,0,0,1,0,0,1,0,2,2,2
"AFF1",0,0,0,0,2,0,0,0,0,2,2,2
"AK9",0,1,0,0,1,0,0,0,0,2,2,2
"AKAP12",0,0,0,0,2,0,0,0,0,2,2,2
"ALK",0,0,0,0,2,0,0,0,0,2,2,2
"AMOT",0,0,0,0,2,0,0,0,0,2,2,2
"ANK2",0,1,0,0,1,0,0,0,0,2,2,2
"ANKRD30A",0,0,0,0,2,0,0,0,0,2,2,2
"ANO3",0,0,0,0,2,0,0,0,0,2,2,2
"APBA2",0,0,0,0,2,0,0,0,0,2,2,2
"ARHGAP24",0,0,0,0,2,0,0,0,0,2,2,2
"ARHGAP32",0,0,0,0,2,0,0,0,0,2,2,2
"ARID1A",0,0,0,0,2,0,0,0,0,2,2,2
"ASB4",0,0,0,0,0,0,0,2,0,2,2,2
"ASXL2",0,2,0,0,0,0,0,0,0,2,2,2
"ASXL3",1,0,0,0,1,0,0,0,0,2,2,2
"ATP13A5",0,0,0,0,2,0,0,0,0,2,2,2
"ATP1A2",0,0,0,0,2,0,0,0,0,2,2,2
"BBS12",0,0,0,0,2,0,0,0,0,2,2,2
"BLZF1",0,0,0,0,2,0,0,0,0,2,2,2
"BRD4",0,1,0,0,1,0,0,0,0,2,2,2
"BRSK1",0,1,0,0,1,0,0,0,0,2,2,2
"C20orf194",0,0,0,0,2,0,0,0,0,2,2,2
"CACNA1B",0,0,0,0,2,0,0,0,0,2,2,2
"CACNA2D3",0,0,0,0,1,1,0,0,0,2,2,2
"CALCOCO1",0,0,0,0,2,0,0,0,0,2,2,2
"CALR",0,1,0,0,0,0,0,1,0,2,2,2
"CASR",0,0,0,0,2,0,0,0,0,2,2,2
"CASZ1",0,0,0,0,2,0,0,0,0,2,2,2
"CCDC171",0,0,0,0,2,0,0,0,0,2,2,2
"CDH23",0,0,0,0,2,0,0,0,0,2,2,2
"CELF1",0,0,0,0,2,0,0,0,0,2,2,2
"CELSR2",0,1,0,0,1,0,0,0,0,2,2,2
"CEP164",0,0,0,0,2,0,0,0,0,2,2,2
"CHD3",0,1,0,0,1,0,0,0,0,2,2,2
"CHD6",0,1,0,0,0,1,0,0,0,2,2,2
"CHMP3",0,0,0,0,2,0,0,0,0,2,2,2
"CIT",0,0,0,0,1,0,0,1,0,2,2,2
"CNTNAP5",0,0,0,0,2,0,0,0,0,2,2,2
"COG5",0,0,0,0,2,0,0,0,0,2,2,2
"COL2A1",0,0,0,0,2,0,0,0,0,2,2,2
"COL4A5",0,0,0,0,1,1,0,0,0,2,2,2
"COL5A1",0,0,0,0,2,0,0,0,0,2,2,2
"COL6A3",0,1,0,0,1,0,0,0,0,2,2,2
"CSMD3",0,0,0,0,2,0,0,0,0,2,2,2
"CUL1",0,0,0,0,2,0,0,0,0,2,2,2
"DGKG",0,0,0,0,2,0,0,0,0,2,2,2
"DIS3",0,0,0,0,2,0,0,0,0,2,2,2
"DISP1",0,0,0,0,2,0,0,0,0,2,2,2
"DLC1",0,0,0,0,2,0,0,0,0,2,2,2
"DNAJC22",0,0,0,0,2,0,0,0,0,2,2,2
"DNMT1",0,0,0,0,2,0,0,0,0,2,2,2
"DOCK10",0,0,0,0,2,0,0,0,0,2,2,2
"DOCK8",0,1,0,0,1,0,0,0,0,2,2,2
"DSCAML1",0,0,0,0,2,0,0,0,0,2,2,2
"DUSP26",0,0,0,0,2,0,0,0,0,2,2,2
"ENO3",0,0,0,0,2,0,0,0,0,2,2,2
"EPG5",0,0,0,0,2,0,0,0,0,2,2,2
"EPHA3",0,0,0,0,1,1,0,0,0,2,2,2
"ERBB3",1,0,0,0,1,0,0,0,0,2,2,2
"EVPL",0,1,0,0,1,0,0,0,0,2,2,2
"EZH1",0,0,0,0,2,0,0,0,0,2,2,2
"FLOT1",0,0,0,0,2,0,0,0,0,2,2,2
"FMNL3",0,0,0,0,2,0,0,0,0,2,2,2
"FOXM1",0,0,0,0,1,1,0,0,0,2,2,2
"FREM2",0,0,0,0,1,0,0,1,0,2,2,2
"G6PD",0,0,0,0,1,1,0,0,0,2,2,2
"GATA2",0,0,0,0,2,0,0,0,0,2,2,2
"GCN1",0,0,0,0,2,0,0,0,0,2,2,2
"GJB3",0,0,0,0,2,0,0,0,0,2,2,2
"GPATCH2",0,0,0,0,2,0,0,0,0,2,2,2
"GPATCH8",0,0,0,0,1,1,0,0,0,2,2,2
"GPD2",0,0,0,0,2,0,0,0,0,2,2,2
"GPR137B",0,0,0,0,2,0,0,0,0,2,2,2
"GRID1",0,0,0,0,2,0,0,0,0,2,2,2
"GRIK4",0,0,0,0,2,0,0,0,0,2,2,2
"GRIN3A",0,0,0,0,2,0,0,0,0,2,2,2
"GTF2H1",0,0,0,0,2,0,0,0,0,2,2,2
"HECTD1",0,0,0,0,2,0,0,0,0,2,2,2
"HECW1",0,0,0,0,2,0,0,0,0,2,2,2
"HNRNPM",0,0,0,0,2,0,0,0,0,2,2,2
"HTR3E",0,0,0,0,2,0,0,0,0,2,2,2
"IFT140",0,0,0,0,1,1,0,0,0,2,2,2
"IP6K3",0,1,0,0,1,0,0,0,0,2,2,2
"ITGA10",0,0,0,0,2,0,0,0,0,2,2,2
"ITGAD",0,0,0,0,2,0,0,0,0,2,2,2
"ITIH4",0,0,0,0,2,0,0,0,0,2,2,2
"ITSN2",0,0,0,0,2,0,0,0,0,2,2,2
"KANSL3",0,0,0,0,2,0,0,0,0,2,2,2
"KAT6A",0,0,0,0,2,0,0,0,0,2,2,2
"KCNA2",0,1,0,0,1,0,0,0,0,2,2,2
"KCNRG",0,0,0,0,2,0,0,0,0,2,2,2
"KIAA1614",0,0,0,0,2,0,0,0,0,2,2,2
"KIAA2026",0,0,0,0,2,0,0,0,0,2,2,2
"KLHL5",0,0,0,0,2,0,0,0,0,2,2,2
"KNTC1",0,0,0,0,1,1,0,0,0,2,2,2
"KRT20",0,0,0,0,2,0,0,0,0,2,2,2
"KRT78",0,0,0,0,1,1,0,0,0,2,2,2
"KY",0,0,0,0,2,0,0,0,0,2,2,2
"LAMA3",0,0,0,0,2,0,0,0,0,2,2,2
"LAMB2",0,2,0,0,0,0,0,0,0,2,2,2
"LAMC3",0,1,0,0,1,0,0,0,0,2,2,2
"LPA",0,0,0,0,1,1,0,0,0,2,2,2
"LRBA",0,0,0,0,2,0,0,0,0,2,2,2
"LRP1B",0,0,0,0,2,0,0,0,0,2,2,2
"LRP2",0,0,0,0,2,0,0,0,0,2,2,2
"LTBP3",0,1,0,0,1,0,0,0,0,2,2,2
"MANBA",0,0,0,0,2,0,0,0,0,2,2,2
"MARF1",0,0,0,0,2,0,0,0,0,2,2,2
"MCCC2",0,0,0,0,1,1,0,0,0,2,2,2
"MCRS1",0,0,0,0,2,0,0,0,0,2,2,2
"MDC1",1,0,0,0,1,0,0,0,0,2,2,2
"MED12",0,0,0,0,1,1,0,0,0,2,2,2
"MEFV",0,1,0,0,1,0,0,0,0,2,2,2
"MEPCE",0,0,0,0,2,0,0,0,0,2,2,2
"MICAL2",0,0,0,0,2,0,0,0,0,2,2,2
"MOCOS",0,0,0,0,2,0,0,0,0,2,2,2
"MPI",0,0,1,0,0,1,0,0,0,2,2,2
"MRPL45",0,0,0,0,2,0,0,0,0,2,2,2
"MSH5",0,0,0,0,2,0,0,0,0,2,2,2
"MSH6",0,0,0,0,1,1,0,0,0,2,2,2
"MTMR1",0,0,0,0,2,0,0,0,0,2,2,2
"MTOR",0,0,0,0,2,0,0,0,0,2,2,2
"MYC",0,0,0,0,1,1,0,0,0,2,2,2
"MYH10",0,0,0,0,2,0,0,0,0,2,2,2
"MYLK",0,0,0,0,2,0,0,0,0,2,2,2
"MYOF",0,0,0,0,2,0,0,0,0,2,2,2
"NFE2L1",0,1,0,0,0,1,0,0,0,2,2,2
"NFIX",1,0,0,0,0,1,0,0,0,2,2,2
"NHS",0,0,0,0,2,0,0,0,0,2,2,2
"NMUR2",0,0,0,0,2,0,0,0,0,2,2,2
"NOS1AP",0,0,0,0,1,1,0,0,0,2,2,2
"NPC1",0,0,0,0,2,0,0,0,0,2,2,2
"NR1D1",0,0,0,0,2,0,0,0,0,2,2,2
"NR2E1",0,0,0,0,2,0,0,0,0,2,2,2
"NRAP",0,0,0,0,2,0,0,0,0,2,2,2
"NRXN2",0,0,0,0,2,0,0,0,0,2,2,2
"OR2AG1",0,0,0,0,2,0,0,0,0,2,2,2
"OR8B12",0,0,0,0,2,0,0,0,0,2,2,2
"ORAI1",0,0,0,0,2,0,0,0,0,2,2,2
"PAH",0,1,0,0,1,0,0,0,0,2,2,2
"PCDH15",0,0,0,0,2,0,0,0,0,2,2,2
"PEAK1",0,0,0,0,2,0,0,0,0,2,2,2
"PFKM",0,0,0,0,2,0,0,0,0,2,2,2
"PI4KB",0,0,0,0,1,0,0,1,0,2,2,2
"PIK3CB",0,0,0,0,2,0,0,0,0,2,2,2
"PLCE1",0,0,0,0,2,0,0,0,0,2,2,2
"PLCH1",0,0,0,0,2,0,0,0,0,2,2,2
"PLEKHG1",0,0,0,0,2,0,0,0,0,2,2,2
"PLP1",0,0,0,0,2,0,0,0,0,2,2,2
"PLXND1",0,1,0,0,1,0,0,0,0,2,2,2
"POLR1B",0,0,0,0,2,0,0,0,0,2,2,2
"PPIC",0,0,0,0,2,0,0,0,0,2,2,2
"PPP2R2B",0,0,0,0,2,0,0,0,0,2,2,2
"PREB",0,0,0,0,2,0,0,0,0,2,2,2
"PRR19",0,0,0,0,2,0,0,0,0,2,2,2
"PRUNE2",0,0,0,0,2,0,0,0,0,2,2,2
"PRX",0,0,0,0,2,0,0,0,0,2,2,2
"PSPC1",0,0,0,0,2,0,0,0,0,2,2,2
"RAD50",0,0,0,0,1,0,0,1,0,2,2,2
"RGL1",0,0,0,0,2,0,0,0,0,2,2,2
"RIMS1",0,1,0,0,1,0,0,0,0,2,2,2
"RNASE13",0,0,0,0,2,0,0,0,0,2,2,2
"RNF38",0,0,0,0,2,0,0,0,0,2,2,2
"ROBO4",0,0,0,0,2,0,0,0,0,2,2,2
"RPTN",0,0,0,0,1,1,0,0,0,2,2,2
"RYR1",0,0,0,0,2,0,0,0,0,2,2,2
"SCAF8",0,0,0,0,2,0,0,0,0,2,2,2
"SCN1A",0,0,0,0,2,0,0,0,0,2,2,2
"SH3TC2",0,0,0,0,2,0,0,0,0,2,2,2
"SIDT2",0,0,0,0,2,0,0,0,0,2,2,2
"SLC22A16",0,0,0,0,2,0,0,0,0,2,2,2
"SLC26A9",1,0,0,0,1,0,0,0,0,2,2,2
"SLC6A9",0,0,0,0,2,0,0,0,0,2,2,2
"SLITRK3",0,0,0,0,2,0,0,0,0,2,2,2
"SPG11",0,0,0,0,2,0,0,0,0,2,2,2
"SPTB",0,0,0,0,1,1,0,0,0,2,2,2
"SPTBN1",0,0,0,0,2,0,0,0,0,2,2,2
"SPTBN2",0,0,0,0,2,0,0,0,0,2,2,2
"SREBF2",0,0,0,0,2,0,0,0,0,2,2,2
"SRSF2",0,0,0,0,2,0,0,0,0,2,2,2
"STK10",0,0,0,0,2,0,0,0,0,2,2,2
"STK36",0,1,0,0,0,0,0,1,0,2,2,2
"STRIP2",0,0,0,0,2,0,0,0,0,2,2,2
"SUMO2",0,1,0,0,1,0,0,0,0,2,2,2
"SZT2",0,1,0,0,1,0,0,0,0,2,2,2
"TACC2",0,1,0,0,1,0,0,0,0,2,2,2
"TASOR2",0,0,0,0,2,0,0,0,0,2,2,2
"TBC1D8",0,0,0,0,2,0,0,0,0,2,2,2
"TCHHL1",0,0,0,0,2,0,0,0,0,2,2,2
"TENM3",0,0,0,0,2,0,0,0,0,2,2,2
"TEP1",0,0,0,0,2,0,0,0,0,2,2,2
"THRAP3",0,0,0,0,1,1,0,0,0,2,2,2
"TNRC6C",0,1,0,0,1,0,0,0,0,2,2,2
"TRIO",0,1,0,0,1,0,0,0,0,2,2,2
"TRPM8",0,0,0,0,2,0,0,0,0,2,2,2
"TRPS1",0,1,0,0,0,1,0,0,0,2,2,2
"TRPV3",0,0,0,0,2,0,0,0,0,2,2,2
"TRRAP",0,0,0,0,2,0,0,0,0,2,2,2
"TSC22D4",0,1,0,0,1,0,0,0,0,2,2,2
"TTLL12",0,0,0,0,2,0,0,0,0,2,2,2
"TUBA3C",0,0,0,0,2,0,0,0,0,2,2,2
"TYRO3",0,0,0,0,2,0,0,0,0,2,2,2
"UBTF",0,0,0,0,2,0,0,0,0,2,2,2
"UGT2B4",0,0,0,0,2,0,0,0,0,2,2,2
"UMOD",0,1,0,0,1,0,0,0,0,2,2,2
"USH2A",0,1,0,0,1,0,0,0,0,2,2,2
"UTP20",0,0,0,0,2,0,0,0,0,2,2,2
"UVRAG",0,0,0,0,2,0,0,0,0,2,2,2
"VCAN",0,0,0,0,2,0,0,0,0,2,2,2
"VPS13B",0,0,0,0,2,0,0,0,0,2,2,2
"VPS13D",0,0,0,0,1,1,0,0,0,2,2,2
"VPS26B",0,0,0,0,2,0,0,0,0,2,2,2
"VWF",0,0,0,0,2,0,0,0,0,2,2,2
"WIZ",0,0,0,0,2,0,0,0,0,2,2,2
"WNT11",0,0,0,0,2,0,0,0,0,2,2,2
"WSCD1",0,0,0,0,2,0,0,0,0,2,2,2
"WT1",0,1,0,0,1,0,0,0,0,2,2,2
"XRCC6",0,0,0,0,2,0,0,0,0,2,2,2
"ZNF460",0,0,0,0,2,0,0,0,0,2,2,2
"ZSWIM4",0,0,0,0,2,0,0,0,0,2,2,2
"DCTN1",0,0,0,0,3,0,0,0,0,3,1,1
"MDN1",0,0,0,0,3,0,0,0,0,3,1,1
"ZNF134",0,0,0,0,3,0,0,0,0,3,1,1
"AARS1",0,0,0,0,2,0,0,0,0,2,1,1
"ARPP19",0,0,0,0,2,0,0,0,0,2,1,1
"ASH1L",0,0,0,0,2,0,0,0,0,2,1,1
"ATP8B2",0,0,0,0,1,0,0,1,0,2,1,1
"BMP2K",0,0,0,0,0,1,0,1,0,2,1,1
"C1orf74",0,0,0,0,2,0,0,0,0,2,1,1
"CC2D1A",0,1,0,0,1,0,0,0,0,2,1,1
"CDAN1",0,0,0,0,2,0,0,0,0,2,1,1
"DECR1",0,0,0,0,1,1,0,0,0,2,1,1
"DNAH2",0,0,0,0,2,0,0,0,0,2,1,1
"DNAH3",0,0,0,0,2,0,0,0,0,2,1,1
"EIF4ENIF1",0,0,0,0,2,0,0,0,0,2,1,1
"FNBP4",0,0,0,0,1,1,0,0,0,2,1,1
"IQGAP3",0,0,0,0,2,0,0,0,0,2,1,1
"KIAA0319",0,0,0,0,2,0,0,0,0,2,1,1
"KMT2B",0,1,0,0,1,0,0,0,0,2,1,1
"LAMA2",0,0,0,0,1,1,0,0,0,2,1,1
"MACF1",0,0,0,0,2,0,0,0,0,2,1,1
"MCM3",0,0,0,0,2,0,0,0,0,2,1,1
"MICB",0,0,0,0,2,0,0,0,0,2,1,1
"MST1R",0,0,0,0,2,0,0,0,0,2,1,1
"MUC17",0,0,0,0,2,0,0,0,0,2,1,1
"MUC3A",0,0,0,0,2,0,0,0,0,2,1,1
"MXRA5",0,0,0,0,2,0,0,0,0,2,1,1
"NOL4L",0,0,0,0,2,0,0,0,0,2,1,1
"PDZD2",0,0,0,0,2,0,0,0,0,2,1,1
"RHOC",0,0,0,0,1,1,0,0,0,2,1,1
"SLC28A1",0,0,0,0,2,0,0,0,0,2,1,1
"STAT2",0,1,0,0,1,0,0,0,0,2,1,1
"SUCLA2",0,0,0,0,1,1,0,0,0,2,1,1
"SVEP1",1,0,0,0,1,0,0,0,0,2,1,1
"THAP4",0,0,0,0,2,0,0,0,0,2,1,1
"THOC2",0,0,0,0,2,0,0,0,0,2,1,1
"TNRC18",0,0,0,0,2,0,0,0,0,2,1,1
"TRANK1",0,0,0,0,2,0,0,0,0,2,1,1
"TSC1",0,0,0,0,2,0,0,0,0,2,1,1
"XRCC1",0,0,0,0,2,0,0,0,0,2,1,1
"ZNF423",0,0,0,0,2,0,0,0,0,2,1,1
"ZNF782",0,0,0,0,2,0,0,0,0,2,1,1
"AACS",0,0,0,0,1,0,0,0,0,1,1,1
"ABCA4",0,0,0,0,1,0,0,0,0,1,1,1
"ABCA9",0,0,0,0,1,0,0,0,0,1,1,1
"ABCB1",0,0,0,0,1,0,0,0,0,1,1,1
"ABCB4",0,0,0,0,1,0,0,0,0,1,1,1
"ABCB5",0,0,0,0,1,0,0,0,0,1,1,1
"ABCB9",0,0,0,0,1,0,0,0,0,1,1,1
"ABCC10",0,0,0,0,1,0,0,0,0,1,1,1
"ABCC11",0,0,0,0,1,0,0,0,0,1,1,1
"ABCC12",0,0,0,0,1,0,0,0,0,1,1,1
"ABCC5",0,0,0,0,0,1,0,0,0,1,1,1
"ABCD3",0,0,0,0,1,0,0,0,0,1,1,1
"ABCF2",0,0,0,0,1,0,0,0,0,1,1,1
"ABHD2",0,0,0,0,1,0,0,0,0,1,1,1
"ABHD4",0,0,0,0,1,0,0,0,0,1,1,1
"AC004922.1",0,0,0,0,1,0,0,0,0,1,1,1
"AC131160.1",0,0,0,0,1,0,0,0,0,1,1,1
"ACACB",0,0,0,0,1,0,0,0,0,1,1,1
"ACADS",0,0,0,0,1,0,0,0,0,1,1,1
"ACAN",0,0,0,0,1,0,0,0,0,1,1,1
"ACLY",0,0,0,0,1,0,0,0,0,1,1,1
"ACO2",0,0,0,0,1,0,0,0,0,1,1,1
"ACOT11",0,0,0,0,1,0,0,0,0,1,1,1
"ACP7",0,0,0,0,1,0,0,0,0,1,1,1
"ACSF2",0,0,0,0,1,0,0,0,0,1,1,1
"ACSF3",0,0,0,0,1,0,0,0,0,1,1,1
"ACSM1",0,0,0,0,1,0,0,0,0,1,1,1
"ACSM2A",0,0,0,0,1,0,0,0,0,1,1,1
"ACTL8",0,0,0,0,1,0,0,0,0,1,1,1
"ADAM11",0,0,0,0,1,0,0,0,0,1,1,1
"ADAM19",0,0,0,0,0,1,0,0,0,1,1,1
"ADAM22",0,0,0,0,1,0,0,0,0,1,1,1
"ADAM7",0,1,0,0,0,0,0,0,0,1,1,1
"ADAMTS16",0,0,0,0,1,0,0,0,0,1,1,1
"ADAMTS18",0,0,0,0,1,0,0,0,0,1,1,1
"ADAMTS20",0,0,0,0,1,0,0,0,0,1,1,1
"ADAMTS7",0,1,0,0,0,0,0,0,0,1,1,1
"ADAMTSL1",0,0,0,0,1,0,0,0,0,1,1,1
"ADAR",0,0,0,0,1,0,0,0,0,1,1,1
"ADAT1",1,0,0,0,0,0,0,0,0,1,1,1
"ADCY10",0,0,0,0,1,0,0,0,0,1,1,1
"ADCY2",0,0,0,0,1,0,0,0,0,1,1,1
"ADCY3",0,0,0,0,1,0,0,0,0,1,1,1
"ADCY5",0,0,0,0,1,0,0,0,0,1,1,1
"ADD2",0,0,0,0,1,0,0,0,0,1,1,1
"ADGRA3",0,0,0,0,1,0,0,0,0,1,1,1
"ADGRB3",0,0,0,0,1,0,0,0,0,1,1,1
"ADGRE1",0,0,0,0,1,0,0,0,0,1,1,1
"ADGRF2",0,0,0,0,1,0,0,0,0,1,1,1
"ADGRF5",0,0,0,0,1,0,0,0,0,1,1,1
"ADGRG3",0,0,0,0,1,0,0,0,0,1,1,1
"ADGRL2",0,0,0,0,1,0,0,0,0,1,1,1
"ADNP",0,0,0,0,1,0,0,0,0,1,1,1
"ADRA1A",0,0,0,0,1,0,0,0,0,1,1,1
"ADSS1",0,0,0,0,1,0,0,0,0,1,1,1
"AGGF1",0,0,0,0,1,0,0,0,0,1,1,1
"AGO2",0,0,0,0,1,0,0,0,0,1,1,1
"AGXT2",0,0,0,0,1,0,0,0,0,1,1,1
"AHR",0,0,0,0,1,0,0,0,0,1,1,1
"AHSA1",0,0,0,0,1,0,0,0,0,1,1,1
"AIDA",0,0,0,0,1,0,0,0,0,1,1,1
"AKAP10",0,0,0,0,1,0,0,0,0,1,1,1
"AKAP3",0,0,0,0,1,0,0,0,0,1,1,1
"AKAP6",0,0,0,0,1,0,0,0,0,1,1,1
"AKR7A2",0,0,0,0,1,0,0,0,0,1,1,1
"AL031777.2",0,0,0,0,0,1,0,0,0,1,1,1
"AL441992.2",0,0,0,0,1,0,0,0,0,1,1,1
"AL645922.1",0,0,0,0,0,1,0,0,0,1,1,1
"ALAS1",0,0,0,0,1,0,0,0,0,1,1,1
"ALAS2",0,0,0,0,1,0,0,0,0,1,1,1
"ALCAM",0,0,0,0,1,0,0,0,0,1,1,1
"ALDH1A2",0,0,0,0,1,0,0,0,0,1,1,1
"ALDH1L1",0,1,0,0,0,0,0,0,0,1,1,1
"ALDH1L2",0,0,0,0,1,0,0,0,0,1,1,1
"ALDH4A1",0,1,0,0,0,0,0,0,0,1,1,1
"ALG13",0,0,0,0,1,0,0,0,0,1,1,1
"ALG9",0,0,0,0,1,0,0,0,0,1,1,1
"ALKBH1",0,0,0,0,1,0,0,0,0,1,1,1
"ALMS1",0,0,0,0,1,0,0,0,0,1,1,1
"ALOXE3",0,0,0,0,1,0,0,0,0,1,1,1
"ALPK2",0,0,0,0,1,0,0,0,0,1,1,1
"ALPK3",0,0,0,0,1,0,0,0,0,1,1,1
"AMELX",0,0,0,0,1,0,0,0,0,1,1,1
"AMER1",0,0,0,0,1,0,0,0,0,1,1,1
"AMOTL1",0,0,0,0,1,0,0,0,0,1,1,1
"AMOTL2",0,0,0,0,1,0,0,0,0,1,1,1
"AMPH",0,0,0,0,1,0,0,0,0,1,1,1
"ANAPC16",0,0,0,0,1,0,0,0,0,1,1,1
"ANGPTL2",0,0,0,0,1,0,0,0,0,1,1,1
"ANKFN1",0,0,0,0,1,0,0,0,0,1,1,1
"ANKHD1-EIF4EBP3",0,0,0,0,1,0,0,0,0,1,1,1
"ANKK1",0,0,0,0,1,0,0,0,0,1,1,1
"ANKRD11",0,0,0,0,1,0,0,0,0,1,1,1
"ANKRD13C",0,0,0,0,1,0,0,0,0,1,1,1
"ANKRD17",0,0,0,0,1,0,0,0,0,1,1,1
"ANKRD26",0,0,0,0,1,0,0,0,0,1,1,1
"ANKRD27",0,0,0,0,1,0,0,0,0,1,1,1
"ANKRD34A",0,0,0,0,1,0,0,0,0,1,1,1
"ANKRD50",0,0,0,0,1,0,0,0,0,1,1,1
"ANKRD53",0,0,0,0,1,0,0,0,0,1,1,1
"ANKS1A",0,0,0,0,1,0,0,0,0,1,1,1
"ANKS1B",0,0,0,0,1,0,0,0,0,1,1,1
"ANKS6",0,0,0,0,1,0,0,0,0,1,1,1
"ANKZF1",0,0,0,0,1,0,0,0,0,1,1,1
"ANO2",0,0,0,0,1,0,0,0,0,1,1,1
"ANXA11",0,0,0,0,1,0,0,0,0,1,1,1
"AOAH",0,0,0,0,1,0,0,0,0,1,1,1
"AP002512.3",0,0,0,0,1,0,0,0,0,1,1,1
"AP002748.5",0,0,0,0,1,0,0,0,0,1,1,1
"AP1G1",0,0,0,0,0,1,0,0,0,1,1,1
"AP1M1",0,0,0,0,1,0,0,0,0,1,1,1
"AP3B2",0,0,0,0,1,0,0,0,0,1,1,1
"AP3S2",0,0,0,0,1,0,0,0,0,1,1,1
"APC",0,0,0,0,1,0,0,0,0,1,1,1
"APOA5",0,1,0,0,0,0,0,0,0,1,1,1
"APOB",0,0,0,0,1,0,0,0,0,1,1,1
"APOBEC3C",0,0,0,0,1,0,0,0,0,1,1,1
"APOBEC3G",0,0,0,0,1,0,0,0,0,1,1,1
"APOBEC4",0,0,0,0,1,0,0,0,0,1,1,1
"APOL1",0,0,0,0,1,0,0,0,0,1,1,1
"AQP5",0,0,0,0,1,0,0,0,0,1,1,1
"AQP8",0,0,0,0,1,0,0,0,0,1,1,1
"AR",0,0,0,0,1,0,0,0,0,1,1,1
"ARAP3",0,0,0,0,1,0,0,0,0,1,1,1
"ARFGEF1",0,0,0,0,1,0,0,0,0,1,1,1
"ARHGAP20",0,0,0,0,1,0,0,0,0,1,1,1
"ARHGAP21",0,1,0,0,0,0,0,0,0,1,1,1
"ARHGAP25",0,0,0,0,0,1,0,0,0,1,1,1
"ARHGAP31",0,0,0,0,1,0,0,0,0,1,1,1
"ARHGAP35",0,0,0,0,0,1,0,0,0,1,1,1
"ARHGAP6",0,0,0,0,1,0,0,0,0,1,1,1
"ARHGEF10",0,1,0,0,0,0,0,0,0,1,1,1
"ARHGEF11",0,0,0,0,1,0,0,0,0,1,1,1
"ARHGEF18",0,0,0,0,1,0,0,0,0,1,1,1
"ARHGEF39",0,0,0,0,1,0,0,0,0,1,1,1
"ARHGEF5",0,0,0,0,1,0,0,0,0,1,1,1
"ARL11",0,0,0,0,1,0,0,0,0,1,1,1
"ARMC1",0,0,0,0,1,0,0,0,0,1,1,1
"ARNT",0,0,0,0,1,0,0,0,0,1,1,1
"ARNT2",0,0,0,0,1,0,0,0,0,1,1,1
"ARSH",0,0,0,0,1,0,0,0,0,1,1,1
"ARSK",0,0,0,0,1,0,0,0,0,1,1,1
"ARSL",0,0,0,0,1,0,0,0,0,1,1,1
"ASAH2",0,0,0,0,0,0,0,1,0,1,1,1
"ASB10",0,1,0,0,0,0,0,0,0,1,1,1
"ASB14",0,0,0,0,1,0,0,0,0,1,1,1
"ASGR2",0,0,0,0,1,0,0,0,0,1,1,1
"ASS1",0,0,0,0,1,0,0,0,0,1,1,1
"ATF7IP",1,0,0,0,0,0,0,0,0,1,1,1
"ATG13",0,0,0,0,1,0,0,0,0,1,1,1
"ATG14",0,0,0,0,1,0,0,0,0,1,1,1
"ATG16L1",0,0,0,0,1,0,0,0,0,1,1,1
"ATG2A",0,0,0,0,1,0,0,0,0,1,1,1
"ATIC",0,0,0,0,1,0,0,0,0,1,1,1
"ATL3",0,0,0,0,1,0,0,0,0,1,1,1
"ATM",0,0,0,0,1,0,0,0,0,1,1,1
"ATOH1",0,0,0,0,1,0,0,0,0,1,1,1
"ATOH8",0,0,0,0,1,0,0,0,0,1,1,1
"ATP10B",0,0,0,0,1,0,0,0,0,1,1,1
"ATP11A",0,0,0,0,1,0,0,0,0,1,1,1
"ATP11B",0,0,0,0,1,0,0,0,0,1,1,1
"ATP1A1",0,0,0,0,1,0,0,0,0,1,1,1
"ATP1B1",0,0,0,0,1,0,0,0,0,1,1,1
"ATP2A1",0,0,0,0,1,0,0,0,0,1,1,1
"ATP2A2",0,0,0,0,1,0,0,0,0,1,1,1
"ATP2B2",0,0,0,0,1,0,0,0,0,1,1,1
"ATP2B3",0,0,0,0,1,0,0,0,0,1,1,1
"ATP2C1",0,0,0,0,1,0,0,0,0,1,1,1
"ATP5PD",0,0,0,0,1,0,0,0,0,1,1,1
"ATP6V0A1",0,1,0,0,0,0,0,0,0,1,1,1
"ATP6V1B1",0,0,0,0,1,0,0,0,0,1,1,1
"ATP6V1C1",0,0,0,0,1,0,0,0,0,1,1,1
"ATP8B3",0,0,0,0,0,1,0,0,0,1,1,1
"ATP9A",0,0,0,0,1,0,0,0,0,1,1,1
"ATRAID",0,0,0,0,1,0,0,0,0,1,1,1
"ATRNL1",0,0,0,0,0,0,0,1,0,1,1,1
"ATRX",0,0,0,0,1,0,0,0,0,1,1,1
"AURKAIP1",0,0,0,0,1,0,0,0,0,1,1,1
"AURKC",0,0,0,0,1,0,0,0,0,1,1,1
"AXL",0,1,0,0,0,0,0,0,0,1,1,1
"AZIN1",0,0,0,0,1,0,0,0,0,1,1,1
"B3GALT4",0,1,0,0,0,0,0,0,0,1,1,1
"B4GALT2",0,0,0,0,1,0,0,0,0,1,1,1
"B4GALT3",0,0,0,0,1,0,0,0,0,1,1,1
"BACH1",0,0,0,0,1,0,0,0,0,1,1,1
"BAHD1",1,0,0,0,0,0,0,0,0,1,1,1
"BAIAP2L1",0,0,0,0,1,0,0,0,0,1,1,1
"BAX",0,0,0,0,1,0,0,0,0,1,1,1
"BAZ2B",0,0,0,0,1,0,0,0,0,1,1,1
"BBX",1,0,0,0,0,0,0,0,0,1,1,1
"BCAM",0,0,0,0,1,0,0,0,0,1,1,1
"BCAN",0,0,0,0,1,0,0,0,0,1,1,1
"BCAT1",1,0,0,0,0,0,0,0,0,1,1,1
"BCL9",0,0,0,0,1,0,0,0,0,1,1,1
"BDH1",0,0,0,0,1,0,0,0,0,1,1,1
"BDKRB1",0,0,0,0,1,0,0,0,0,1,1,1
"BEND3",0,0,0,0,1,0,0,0,0,1,1,1
"BEND7",0,0,0,0,1,0,0,0,0,1,1,1
"BEST3",0,0,0,0,1,0,0,0,0,1,1,1
"BICRAL",0,0,0,0,0,1,0,0,0,1,1,1
"BIRC6",0,0,0,0,1,0,0,0,0,1,1,1
"BLOC1S6",0,0,0,0,1,0,0,0,0,1,1,1
"BMP6",0,0,0,0,1,0,0,0,0,1,1,1
"BMP7",0,0,0,0,1,0,0,0,0,1,1,1
"BMPER",0,0,0,0,1,0,0,0,0,1,1,1
"BMPR1A",0,0,0,0,1,0,0,0,0,1,1,1
"BNC1",0,0,0,0,1,0,0,0,0,1,1,1
"BNIP1",0,0,0,0,1,0,0,0,0,1,1,1
"BNIP5",0,0,0,0,0,1,0,0,0,1,1,1
"BOD1L1",0,0,0,0,1,0,0,0,0,1,1,1
"BPIFB3",0,0,0,0,1,0,0,0,0,1,1,1
"BPIFB6",0,0,0,0,1,0,0,0,0,1,1,1
"BRD2",0,0,0,0,1,0,0,0,0,1,1,1
"BRINP2",0,0,0,0,1,0,0,0,0,1,1,1
"BTBD1",0,0,0,0,1,0,0,0,0,1,1,1
"BTBD10",0,0,0,0,1,0,0,0,0,1,1,1
"BTBD16",0,0,0,0,1,0,0,0,0,1,1,1
"BTBD7",0,0,0,0,1,0,0,0,0,1,1,1
"BTD",0,0,0,0,1,0,0,0,0,1,1,1
"BTG1",0,0,0,0,1,0,0,0,0,1,1,1
"BTLA",0,0,0,0,0,0,0,1,0,1,1,1
"BTN1A1",0,0,0,0,1,0,0,0,0,1,1,1
"BTN2A1",0,1,0,0,0,0,0,0,0,1,1,1
"BTN2A2",0,0,0,0,1,0,0,0,0,1,1,1
"BTNL8",1,0,0,0,0,0,0,0,0,1,1,1
"BUB3",0,0,0,0,1,0,0,0,0,1,1,1
"BUD13",0,0,0,0,1,0,0,0,0,1,1,1
"C11orf16",0,0,0,0,1,0,0,0,0,1,1,1
"C14orf119",0,0,0,0,1,0,0,0,0,1,1,1
"C15orf40",0,0,0,0,0,1,0,0,0,1,1,1
"C16orf70",0,0,0,0,1,0,0,0,0,1,1,1
"C16orf78",0,0,0,0,1,0,0,0,0,1,1,1
"C17orf64",0,0,0,0,1,0,0,0,0,1,1,1
"C19orf44",0,0,0,0,1,0,0,0,0,1,1,1
"C1QA",0,0,0,0,1,0,0,0,0,1,1,1
"C1QTNF2",1,0,0,0,0,0,0,0,0,1,1,1
"C1RL",0,0,0,0,1,0,0,0,0,1,1,1
"C1S",0,0,0,0,1,0,0,0,0,1,1,1
"C1orf127",0,0,0,0,1,0,0,0,0,1,1,1
"C1orf162",0,0,0,0,1,0,0,0,0,1,1,1
"C1orf216",0,0,0,0,1,0,0,0,0,1,1,1
"C1orf54",0,0,0,0,1,0,0,0,0,1,1,1
"C1orf56",0,0,0,0,0,1,0,0,0,1,1,1
"C2CD3",0,0,0,0,0,1,0,0,0,1,1,1
"C2orf78",0,0,0,0,1,0,0,0,0,1,1,1
"C2orf80",0,0,0,0,1,0,0,0,0,1,1,1
"C3",0,0,0,0,0,1,0,0,0,1,1,1
"C3orf20",0,0,0,0,1,0,0,0,0,1,1,1
"C3orf56",0,0,0,0,1,0,0,0,0,1,1,1
"C4BPB",0,0,0,0,1,0,0,0,0,1,1,1
"C5orf24",0,0,0,0,1,0,0,0,0,1,1,1
"C6orf47",0,0,0,0,1,0,0,0,0,1,1,1
"C7orf26",0,0,0,0,1,0,0,0,0,1,1,1
"C8A",0,0,0,0,1,0,0,0,0,1,1,1
"C9orf135",0,0,0,0,1,0,0,0,0,1,1,1
"C9orf43",0,0,0,0,1,0,0,0,0,1,1,1
"C9orf72",0,0,0,0,1,0,0,0,0,1,1,1
"C9orf78",0,0,0,0,1,0,0,0,0,1,1,1
"CA9",0,0,0,0,1,0,0,0,0,1,1,1
"CACNA1A",0,0,0,0,1,0,0,0,0,1,1,1
"CACNA1E",0,0,0,0,1,0,0,0,0,1,1,1
"CACNA1F",0,0,0,0,0,1,0,0,0,1,1,1
"CACNA1S",0,0,0,0,1,0,0,0,0,1,1,1
"CAD",0,0,0,0,1,0,0,0,0,1,1,1
"CADM3",0,0,0,0,1,0,0,0,0,1,1,1
"CADPS",0,0,0,0,1,0,0,0,0,1,1,1
"CALCB",0,0,0,0,1,0,0,0,0,1,1,1
"CAMK1",0,0,0,0,1,0,0,0,0,1,1,1
"CAMK4",0,0,0,0,1,0,0,0,0,1,1,1
"CAMKK2",0,0,0,0,1,0,0,0,0,1,1,1
"CAMKV",0,0,0,0,1,0,0,0,0,1,1,1
"CAND1",0,0,0,0,1,0,0,0,0,1,1,1
"CAPN11",0,0,0,0,1,0,0,0,0,1,1,1
"CARD6",0,0,0,0,1,0,0,0,0,1,1,1
"CASC3",0,0,0,0,1,0,0,0,0,1,1,1
"CASKIN2",0,0,0,0,1,0,0,0,0,1,1,1
"CASP1",0,0,0,0,1,0,0,0,0,1,1,1
"CASP14",0,0,0,0,1,0,0,0,0,1,1,1
"CASP3",0,0,0,0,1,0,0,0,0,1,1,1
"CATSPER1",0,0,0,0,1,0,0,0,0,1,1,1
"CATSPER4",0,0,0,0,1,0,0,0,0,1,1,1
"CATSPERD",0,1,0,0,0,0,0,0,0,1,1,1
"CBL",0,0,0,0,0,0,0,1,0,1,1,1
"CBLC",0,0,0,0,1,0,0,0,0,1,1,1
"CBLL2",0,0,0,0,1,0,0,0,0,1,1,1
"CBWD2",0,0,0,0,1,0,0,0,0,1,1,1
"CC2D1B",0,0,0,0,1,0,0,0,0,1,1,1
"CC2D2A",0,0,0,0,1,0,0,0,0,1,1,1
"CCDC102B",0,0,0,0,1,0,0,0,0,1,1,1
"CCDC127",0,0,0,0,1,0,0,0,0,1,1,1
"CCDC141",0,0,0,0,1,0,0,0,0,1,1,1
"CCDC146",0,0,0,0,0,1,0,0,0,1,1,1
"CCDC150",0,0,0,0,1,0,0,0,0,1,1,1
"CCDC180",0,0,0,0,1,0,0,0,0,1,1,1
"CCDC183",0,0,0,0,1,0,0,0,0,1,1,1
"CCDC24",0,0,0,0,1,0,0,0,0,1,1,1
"CCDC40",1,0,0,0,0,0,0,0,0,1,1,1
"CCDC42",0,0,0,0,1,0,0,0,0,1,1,1
"CCDC47",1,0,0,0,0,0,0,0,0,1,1,1
"CCDC66",0,0,0,0,1,0,0,0,0,1,1,1
"CCDC77",0,0,0,0,1,0,0,0,0,1,1,1
"CCDC8",0,0,0,0,1,0,0,0,0,1,1,1
"CCL14",0,0,0,0,1,0,0,0,0,1,1,1
"CCL16",0,0,0,0,1,0,0,0,0,1,1,1
"CCL17",0,0,0,0,0,0,0,0,1,1,1,1
"CCNA1",0,0,0,0,1,0,0,0,0,1,1,1
"CCND2",0,0,0,0,1,0,0,0,0,1,1,1
"CCNI",0,0,0,0,1,0,0,0,0,1,1,1
"CCR10",1,0,0,0,0,0,0,0,0,1,1,1
"CCRL2",0,0,0,0,1,0,0,0,0,1,1,1
"CD180",0,0,0,0,1,0,0,0,0,1,1,1
"CD1A",0,0,0,0,1,0,0,0,0,1,1,1
"CD22",0,0,0,0,1,0,0,0,0,1,1,1
"CD226",0,0,0,0,0,0,0,0,1,1,1,1
"CD320",0,0,0,0,1,0,0,0,0,1,1,1
"CD34",0,1,0,0,0,0,0,0,0,1,1,1
"CD47",0,0,0,0,1,0,0,0,0,1,1,1
"CD5L",0,0,0,0,1,0,0,0,0,1,1,1
"CD69",0,0,0,0,1,0,0,0,0,1,1,1
"CD72",0,0,0,0,1,0,0,0,0,1,1,1
"CDC14A",0,0,0,0,1,0,0,0,0,1,1,1
"CDC23",0,0,0,0,1,0,0,0,0,1,1,1
"CDC42BPA",0,0,0,0,1,0,0,0,0,1,1,1
"CDH1",0,0,0,0,1,0,0,0,0,1,1,1
"CDH16",0,0,0,0,1,0,0,0,0,1,1,1
"CDH19",0,0,0,0,1,0,0,0,0,1,1,1
"CDHR1",0,0,0,0,1,0,0,0,0,1,1,1
"CDK13",0,0,0,0,1,0,0,0,0,1,1,1
"CDT1",0,0,0,0,1,0,0,0,0,1,1,1
"CDYL2",0,0,0,0,1,0,0,0,0,1,1,1
"CEACAM20",0,0,0,0,1,0,0,0,0,1,1,1
"CEACAM21",0,0,0,0,1,0,0,0,0,1,1,1
"CEACAM5",0,0,0,0,1,0,0,0,0,1,1,1
"CELSR1",0,0,0,0,1,0,0,0,0,1,1,1
"CELSR3",0,0,0,0,1,0,0,0,0,1,1,1
"CEMIP",0,0,0,0,0,0,0,1,0,1,1,1
"CENATAC",0,0,0,0,1,0,0,0,0,1,1,1
"CENPE",0,0,0,0,1,0,0,0,0,1,1,1
"CENPF",0,0,0,0,1,0,0,0,0,1,1,1
"CENPN",0,0,0,0,1,0,0,0,0,1,1,1
"CEP112",0,0,0,0,1,0,0,0,0,1,1,1
"CEP126",0,0,0,0,1,0,0,0,0,1,1,1
"CEP192",0,0,0,0,1,0,0,0,0,1,1,1
"CEP250",0,0,0,0,1,0,0,0,0,1,1,1
"CEP290",0,0,0,0,1,0,0,0,0,1,1,1
"CEP41",0,0,0,0,1,0,0,0,0,1,1,1
"CEP97",0,0,0,0,1,0,0,0,0,1,1,1
"CERKL",0,0,0,0,1,0,0,0,0,1,1,1
"CES2",0,0,0,0,1,0,0,0,0,1,1,1
"CFAP20DC",0,0,0,0,1,0,0,0,0,1,1,1
"CFAP221",0,0,0,0,1,0,0,0,0,1,1,1
"CFAP251",0,0,0,0,1,0,0,0,0,1,1,1
"CFAP300",0,0,0,0,1,0,0,0,0,1,1,1
"CFAP43",0,0,0,0,1,0,0,0,0,1,1,1
"CFAP54",0,0,0,0,1,0,0,0,0,1,1,1
"CFAP65",0,1,0,0,0,0,0,0,0,1,1,1
"CFAP92",0,0,0,0,1,0,0,0,0,1,1,1
"CFHR2",0,0,0,0,1,0,0,0,0,1,1,1
"CFTR",0,0,0,0,1,0,0,0,0,1,1,1
"CGGBP1",0,0,0,0,1,0,0,0,0,1,1,1
"CH25H",0,0,0,0,1,0,0,0,0,1,1,1
"CHAF1A",0,0,0,0,1,0,0,0,0,1,1,1
"CHCHD2",0,0,0,0,1,0,0,0,0,1,1,1
"CHD1L",0,0,0,0,1,0,0,0,0,1,1,1
"CHD4",0,0,0,0,1,0,0,0,0,1,1,1
"CHD8",0,0,0,0,0,1,0,0,0,1,1,1
"CHI3L1",0,0,0,0,1,0,0,0,0,1,1,1
"CHL1",0,0,0,0,1,0,0,0,0,1,1,1
"CHMP1B",1,0,0,0,0,0,0,0,0,1,1,1
"CHRD",0,0,0,0,1,0,0,0,0,1,1,1
"CHRNA2",0,0,0,0,1,0,0,0,0,1,1,1
"CHRNA9",0,0,0,0,1,0,0,0,0,1,1,1
"CHST6",0,0,0,0,1,0,0,0,0,1,1,1
"CHUK",0,0,0,0,1,0,0,0,0,1,1,1
"CIC",0,0,0,0,1,0,0,0,0,1,1,1
"CILK1",0,0,0,0,1,0,0,0,0,1,1,1
"CKAP4",0,0,0,0,1,0,0,0,0,1,1,1
"CLASP2",0,1,0,0,0,0,0,0,0,1,1,1
"CLCC1",0,0,0,0,1,0,0,0,0,1,1,1
"CLCN2",0,0,0,0,1,0,0,0,0,1,1,1
"CLIP2",0,0,0,0,1,0,0,0,0,1,1,1
"CLK3",0,0,0,0,1,0,0,0,0,1,1,1
"CLN3",0,0,0,0,1,0,0,0,0,1,1,1
"CLPTM1",0,0,0,0,1,0,0,0,0,1,1,1
"CLPX",0,0,0,0,1,0,0,0,0,1,1,1
"CLYBL",0,1,0,0,0,0,0,0,0,1,1,1
"CMIP",0,0,0,0,1,0,0,0,0,1,1,1
"CMYA5",0,0,0,0,1,0,0,0,0,1,1,1
"CNN1",0,0,0,0,0,1,0,0,0,1,1,1
"CNNM2",0,0,0,0,0,1,0,0,0,1,1,1
"CNOT1",0,0,0,0,1,0,0,0,0,1,1,1
"CNOT10",0,0,0,0,1,0,0,0,0,1,1,1
"CNOT3",0,0,0,0,1,0,0,0,0,1,1,1
"CNOT6",0,0,0,0,1,0,0,0,0,1,1,1
"CNOT6L",0,0,0,0,1,0,0,0,0,1,1,1
"CNTD1",0,0,0,0,1,0,0,0,0,1,1,1
"CNTNAP1",0,0,0,0,1,0,0,0,0,1,1,1
"CNTNAP4",0,0,0,0,1,0,0,0,0,1,1,1
"COG7",0,0,0,0,1,0,0,0,0,1,1,1
"COL12A1",0,0,0,0,1,0,0,0,0,1,1,1
"COL18A1",0,0,0,0,1,0,0,0,0,1,1,1
"COL21A1",0,0,0,0,1,0,0,0,0,1,1,1
"COL25A1",0,0,0,0,0,0,0,1,0,1,1,1
"COL27A1",0,0,0,0,1,0,0,0,0,1,1,1
"COL4A1",0,0,0,0,1,0,0,0,0,1,1,1
"COL6A6",0,0,0,0,1,0,0,0,0,1,1,1
"COPS7A",0,0,0,0,1,0,0,0,0,1,1,1
"COX18",0,0,0,0,1,0,0,0,0,1,1,1
"COX6B1",0,0,0,0,1,0,0,0,0,1,1,1
"CPA1",0,0,0,0,1,0,0,0,0,1,1,1
"CPAMD8",0,0,0,0,1,0,0,0,0,1,1,1
"CPNE3",1,0,0,0,0,0,0,0,0,1,1,1
"CPNE4",0,0,0,0,1,0,0,0,0,1,1,1
"CPQ",0,0,0,0,0,1,0,0,0,1,1,1
"CPXM1",0,0,0,0,1,0,0,0,0,1,1,1
"CREB3L1",0,0,0,0,1,0,0,0,0,1,1,1
"CREB3L2",0,0,0,0,1,0,0,0,0,1,1,1
"CREB3L3",0,1,0,0,0,0,0,0,0,1,1,1
"CRISP3",0,0,0,0,1,0,0,0,0,1,1,1
"CRISPLD1",0,0,0,0,1,0,0,0,0,1,1,1
"CRLF2",0,0,0,0,1,0,0,0,0,1,1,1
"CRYZL1",0,0,0,0,1,0,0,0,0,1,1,1
"CSDE1",0,0,0,0,1,0,0,0,0,1,1,1
"CSF3R",0,0,0,0,1,0,0,0,0,1,1,1
"CSGALNACT1",0,0,0,0,1,0,0,0,0,1,1,1
"CSHL1",0,0,0,0,1,0,0,0,0,1,1,1
"CSMD1",0,0,0,0,1,0,0,0,0,1,1,1
"CSNK1G1",0,0,0,0,1,0,0,0,0,1,1,1
"CSPG5",0,0,0,0,1,0,0,0,0,1,1,1
"CST11",0,0,0,0,0,1,0,0,0,1,1,1
"CST6",0,0,0,0,1,0,0,0,0,1,1,1
"CSTF2",0,0,0,0,1,0,0,0,0,1,1,1
"CSTF2T",0,0,0,0,1,0,0,0,0,1,1,1
"CTNNA2",0,0,0,0,0,1,0,0,0,1,1,1
"CTR9",0,0,0,0,1,0,0,0,0,1,1,1
"CTSK",0,0,0,0,1,0,0,0,0,1,1,1
"CUL5",0,0,0,0,0,0,0,1,0,1,1,1
"CWC25",0,0,0,0,1,0,0,0,0,1,1,1
"CXCL16",0,0,0,0,1,0,0,0,0,1,1,1
"CXXC1",0,0,0,0,0,1,0,0,0,1,1,1
"CXXC4",0,1,0,0,0,0,0,0,0,1,1,1
"CXorf56",0,0,0,0,1,0,0,0,0,1,1,1
"CXorf58",0,0,0,0,0,1,0,0,0,1,1,1
"CYBB",0,0,0,0,1,0,0,0,0,1,1,1
"CYC1",0,0,0,0,1,0,0,0,0,1,1,1
"CYP19A1",0,0,0,0,0,1,0,0,0,1,1,1
"CYP26A1",0,0,0,0,1,0,0,0,0,1,1,1
"CYP2A13",0,0,0,0,1,0,0,0,0,1,1,1
"CYP4F11",0,0,0,0,1,0,0,0,0,1,1,1
"CYP4X1",0,1,0,0,0,0,0,0,0,1,1,1
"CYTH1",0,0,0,0,1,0,0,0,0,1,1,1
"DAAM1",0,0,0,0,1,0,0,0,0,1,1,1
"DAB2IP",0,0,0,0,1,0,0,0,0,1,1,1
"DAGLA",0,0,0,0,1,0,0,0,0,1,1,1
"DAO",0,0,0,0,1,0,0,0,0,1,1,1
"DAXX",0,0,0,0,1,0,0,0,0,1,1,1
"DBNL",0,1,0,0,0,0,0,0,0,1,1,1
"DCAF8",0,0,0,0,1,0,0,0,0,1,1,1
"DCLK1",1,0,0,0,0,0,0,0,0,1,1,1
"DCLK3",0,0,0,0,1,0,0,0,0,1,1,1
"DCST1",0,0,0,0,1,0,0,0,0,1,1,1
"DCTD",0,0,0,0,1,0,0,0,0,1,1,1
"DCTN2",0,0,0,0,1,0,0,0,0,1,1,1
"DCTN3",0,0,0,0,1,0,0,0,0,1,1,1
"DCUN1D3",0,0,0,0,1,0,0,0,0,1,1,1
"DCX",0,0,0,0,1,0,0,0,0,1,1,1
"DDAH1",0,0,0,0,1,0,0,0,0,1,1,1
"DDAH2",0,0,0,0,1,0,0,0,0,1,1,1
"DDB1",0,0,0,0,0,1,0,0,0,1,1,1
"DDIAS",0,0,0,0,1,0,0,0,0,1,1,1
"DDR2",0,0,0,0,1,0,0,0,0,1,1,1
"DDX20",0,1,0,0,0,0,0,0,0,1,1,1
"DDX3X",0,0,0,0,1,0,0,0,0,1,1,1
"DDX49",0,0,0,0,1,0,0,0,0,1,1,1
"DDX50",0,0,0,0,0,1,0,0,0,1,1,1
"DELE1",0,0,0,0,1,0,0,0,0,1,1,1
"DENND1C",0,1,0,0,0,0,0,0,0,1,1,1
"DENND2C",0,0,0,0,1,0,0,0,0,1,1,1
"DENND5A",0,0,0,0,0,1,0,0,0,1,1,1
"DEPDC4",0,0,0,0,1,0,0,0,0,1,1,1
"DESI1",0,0,0,0,1,0,0,0,0,1,1,1
"DEUP1",0,0,0,0,1,0,0,0,0,1,1,1
"DGKA",0,0,0,0,1,0,0,0,0,1,1,1
"DGKD",0,0,0,0,1,0,0,0,0,1,1,1
"DHX30",0,0,0,0,1,0,0,0,0,1,1,1
"DHX32",0,0,0,0,1,0,0,0,0,1,1,1
"DHX33",0,0,0,0,1,0,0,0,0,1,1,1
"DHX38",0,0,0,0,1,0,0,0,0,1,1,1
"DIAPH2",0,0,0,0,1,0,0,0,0,1,1,1
"DIAPH3",0,0,0,0,0,0,0,1,0,1,1,1
"DIO2",0,0,0,0,1,0,0,0,0,1,1,1
"DIXDC1",0,0,0,0,1,0,0,0,0,1,1,1
"DLD",0,0,0,0,1,0,0,0,0,1,1,1
"DLG5",0,1,0,0,0,0,0,0,0,1,1,1
"DLGAP2",0,0,0,0,1,0,0,0,0,1,1,1
"DNAH10",0,0,0,0,1,0,0,0,0,1,1,1
"DNAH17",0,0,0,0,0,1,0,0,0,1,1,1
"DNAH5",0,0,0,0,1,0,0,0,0,1,1,1
"DNAH9",0,0,0,0,1,0,0,0,0,1,1,1
"DNAJB1",0,0,0,0,1,0,0,0,0,1,1,1
"DNAJB2",0,0,0,0,1,0,0,0,0,1,1,1
"DNAJC10",0,0,0,0,1,0,0,0,0,1,1,1
"DNAJC14",0,0,0,0,1,0,0,0,0,1,1,1
"DNHD1",0,0,0,0,1,0,0,0,0,1,1,1
"DNM1",0,0,0,0,1,0,0,0,0,1,1,1
"DOCK2",0,0,0,0,0,0,0,1,0,1,1,1
"DOCK3",0,0,0,0,1,0,0,0,0,1,1,1
"DOCK5",0,0,0,0,1,0,0,0,0,1,1,1
"DOCK9",0,1,0,0,0,0,0,0,0,1,1,1
"DOK4",0,0,0,0,1,0,0,0,0,1,1,1
"DOK7",0,0,0,0,1,0,0,0,0,1,1,1
"DONSON",0,0,0,0,1,0,0,0,0,1,1,1
"DPEP3",0,0,0,0,1,0,0,0,0,1,1,1
"DSCAM",0,0,0,0,1,0,0,0,0,1,1,1
"DSG3",0,0,0,0,1,0,0,0,0,1,1,1
"DTX3",0,0,0,0,1,0,0,0,0,1,1,1
"DTX4",0,0,0,0,1,0,0,0,0,1,1,1
"DUOXA2",0,0,0,0,1,0,0,0,0,1,1,1
"DUSP1",0,0,0,0,1,0,0,0,0,1,1,1
"DYNC1H1",0,0,0,0,1,0,0,0,0,1,1,1
"DYNC1LI1",0,0,0,0,1,0,0,0,0,1,1,1
"DYNLRB1",0,0,0,0,1,0,0,0,0,1,1,1
"DYSF",0,0,0,0,1,0,0,0,0,1,1,1
"DZIP1",0,0,0,0,1,0,0,0,0,1,1,1
"E2F8",0,0,0,0,1,0,0,0,0,1,1,1
"ECPAS",0,0,0,0,1,0,0,0,0,1,1,1
"EDEM2",0,0,0,0,1,0,0,0,0,1,1,1
"EEA1",0,0,0,0,1,0,0,0,0,1,1,1
"EFCAB11",0,0,0,0,1,0,0,0,0,1,1,1
"EFHB",0,0,0,0,1,0,0,0,0,1,1,1
"EFHC2",0,0,0,0,1,0,0,0,0,1,1,1
"EFS",0,0,0,0,1,0,0,0,0,1,1,1
"EFTUD2",0,0,0,0,1,0,0,0,0,1,1,1
"EGFLAM",0,0,0,0,1,0,0,0,0,1,1,1
"EGR1",0,1,0,0,0,0,0,0,0,1,1,1
"EHD2",0,0,0,0,1,0,0,0,0,1,1,1
"EIF2AK4",0,0,0,0,1,0,0,0,0,1,1,1
"EIF4A2",0,0,0,0,1,0,0,0,0,1,1,1
"EIF4G1",0,0,0,0,1,0,0,0,0,1,1,1
"ELMO2",0,0,0,0,1,0,0,0,0,1,1,1
"ELMOD1",0,0,0,0,1,0,0,0,0,1,1,1
"ELP1",0,0,0,0,1,0,0,0,0,1,1,1
"ENO2",0,0,0,0,1,0,0,0,0,1,1,1
"ENOX1",0,0,0,0,1,0,0,0,0,1,1,1
"ENPP6",0,0,0,0,0,1,0,0,0,1,1,1
"ENTPD1",0,0,0,0,1,0,0,0,0,1,1,1
"ENTPD5",1,0,0,0,0,0,0,0,0,1,1,1
"ENTPD6",0,0,0,0,1,0,0,0,0,1,1,1
"EP400",0,0,0,0,1,0,0,0,0,1,1,1
"EPB42",0,0,0,0,1,0,0,0,0,1,1,1
"EPHA10",0,0,0,0,1,0,0,0,0,1,1,1
"EPHA4",0,0,0,0,1,0,0,0,0,1,1,1
"EPHB6",0,0,0,0,1,0,0,0,0,1,1,1
"EPHX3",0,1,0,0,0,0,0,0,0,1,1,1
"EPS8",0,0,0,0,1,0,0,0,0,1,1,1
"ERBB2",1,0,0,0,0,0,0,0,0,1,1,1
"ERBB4",0,0,0,0,0,0,0,1,0,1,1,1
"ERBIN",0,0,0,0,1,0,0,0,0,1,1,1
"ERCC1",0,0,0,0,1,0,0,0,0,1,1,1
"ERCC3",0,0,0,0,1,0,0,0,0,1,1,1
"ERCC4",0,1,0,0,0,0,0,0,0,1,1,1
"ERG",0,0,0,0,1,0,0,0,0,1,1,1
"ERICH6",1,0,0,0,0,0,0,0,0,1,1,1
"ESM1",0,0,0,0,1,0,0,0,0,1,1,1
"ESYT3",0,0,0,0,1,0,0,0,0,1,1,1
"ETV2",0,1,0,0,0,0,0,0,0,1,1,1
"ETV4",0,0,0,0,1,0,0,0,0,1,1,1
"EXOC4",0,0,0,0,1,0,0,0,0,1,1,1
"EXTL3",0,0,0,0,1,0,0,0,0,1,1,1
"EYA4",0,0,0,0,1,0,0,0,0,1,1,1
"EZR",0,1,0,0,0,0,0,0,0,1,1,1
"FAHD2B",0,0,0,0,1,0,0,0,0,1,1,1
"FAM114A1",0,0,0,0,1,0,0,0,0,1,1,1
"FAM122C",0,0,0,0,1,0,0,0,0,1,1,1
"FAM133A",0,0,0,0,0,1,0,0,0,1,1,1
"FAM160B1",0,0,0,0,1,0,0,0,0,1,1,1
"FAM166A",0,0,0,0,1,0,0,0,0,1,1,1
"FAM166C",0,0,0,0,1,0,0,0,0,1,1,1
"FAM71A",0,0,0,0,0,1,0,0,0,1,1,1
"FAM83D",0,0,0,0,1,0,0,0,0,1,1,1
"FAM89B",0,0,0,0,1,0,0,0,0,1,1,1
"FANCA",0,0,0,0,1,0,0,0,0,1,1,1
"FARP2",0,0,0,0,0,1,0,0,0,1,1,1
"FARSA",0,0,0,0,1,0,0,0,0,1,1,1
"FBN1",0,0,0,0,1,0,0,0,0,1,1,1
"FBN2",0,0,0,0,1,0,0,0,0,1,1,1
"FBN3",0,0,0,0,1,0,0,0,0,1,1,1
"FBXL19",0,0,0,0,1,0,0,0,0,1,1,1
"FBXO11",0,1,0,0,0,0,0,0,0,1,1,1
"FBXO38",0,0,0,0,1,0,0,0,0,1,1,1
"FBXO39",0,0,0,0,1,0,0,0,0,1,1,1
"FBXO40",0,0,0,0,1,0,0,0,0,1,1,1
"FBXO6",0,0,0,0,0,1,0,0,0,1,1,1
"FBXW9",0,0,0,0,1,0,0,0,0,1,1,1
"FCGBP",0,0,0,0,1,0,0,0,0,1,1,1
"FER1L5",0,0,0,0,1,0,0,0,0,1,1,1
"FERD3L",0,0,0,0,1,0,0,0,0,1,1,1
"FEZF2",0,0,0,0,1,0,0,0,0,1,1,1
"FGD1",0,0,0,0,1,0,0,0,0,1,1,1
"FGD6",0,0,0,0,1,0,0,0,0,1,1,1
"FGF10",0,0,0,0,0,1,0,0,0,1,1,1
"FGF13",0,0,0,0,1,0,0,0,0,1,1,1
"FGF21",0,0,0,0,1,0,0,0,0,1,1,1
"FGF8",0,0,0,0,1,0,0,0,0,1,1,1
"FGFR2",0,0,0,0,1,0,0,0,0,1,1,1
"FICD",0,0,0,0,1,0,0,0,0,1,1,1
"FKBP10",0,0,0,0,1,0,0,0,0,1,1,1
"FKBP14",1,0,0,0,0,0,0,0,0,1,1,1
"FLG",0,0,0,0,1,0,0,0,0,1,1,1
"FLG2",0,0,0,0,1,0,0,0,0,1,1,1
"FLNA",0,1,0,0,0,0,0,0,0,1,1,1
"FLOT2",0,0,0,0,1,0,0,0,0,1,1,1
"FLRT1",0,0,0,0,1,0,0,0,0,1,1,1
"FLRT2",0,0,0,0,1,0,0,0,0,1,1,1
"FLVCR2",0,0,0,0,1,0,0,0,0,1,1,1
"FLYWCH1",0,0,0,0,1,0,0,0,0,1,1,1
"FN1",0,1,0,0,0,0,0,0,0,1,1,1
"FNIP2",0,0,0,0,1,0,0,0,0,1,1,1
"FOCAD",0,0,0,0,1,0,0,0,0,1,1,1
"FOLR3",0,0,0,0,1,0,0,0,0,1,1,1
"FOXG1",0,0,0,0,1,0,0,0,0,1,1,1
"FOXP2",0,0,0,0,1,0,0,0,0,1,1,1
"FOXP3",0,0,0,0,1,0,0,0,0,1,1,1
"FOXR1",0,0,0,0,1,0,0,0,0,1,1,1
"FRAS1",0,0,0,0,1,0,0,0,0,1,1,1
"FRG2",0,0,0,0,1,0,0,0,0,1,1,1
"FRMPD3",0,0,0,0,1,0,0,0,0,1,1,1
"FRRS1",0,0,0,0,1,0,0,0,0,1,1,1
"FRYL",0,0,0,0,0,0,0,1,0,1,1,1
"FSD1",0,0,0,0,0,1,0,0,0,1,1,1
"FSD2",0,0,0,0,1,0,0,0,0,1,1,1
"FSIP2",0,0,0,0,1,0,0,0,0,1,1,1
"FUBP3",0,0,0,0,1,0,0,0,0,1,1,1
"FUT6",0,0,0,0,1,0,0,0,0,1,1,1
"GAB3",0,0,0,0,1,0,0,0,0,1,1,1
"GABBR1",0,0,0,0,1,0,0,0,0,1,1,1
"GABRG3",0,0,0,0,1,0,0,0,0,1,1,1
"GALNT13",0,0,0,0,1,0,0,0,0,1,1,1
"GALNT18",0,0,0,0,1,0,0,0,0,1,1,1
"GALNT2",0,0,0,0,1,0,0,0,0,1,1,1
"GALNTL5",0,0,0,0,0,1,0,0,0,1,1,1
"GAPDHS",0,0,0,0,1,0,0,0,0,1,1,1
"GAPVD1",0,0,0,0,1,0,0,0,0,1,1,1
"GBP1",0,0,0,0,1,0,0,0,0,1,1,1
"GCAT",0,1,0,0,0,0,0,0,0,1,1,1
"GCM2",0,0,0,0,1,0,0,0,0,1,1,1
"GCNT4",0,0,0,0,1,0,0,0,0,1,1,1
"GDF2",0,0,0,0,0,1,0,0,0,1,1,1
"GDF5",0,1,0,0,0,0,0,0,0,1,1,1
"GFPT2",0,0,0,0,1,0,0,0,0,1,1,1
"GFRA2",0,0,0,0,1,0,0,0,0,1,1,1
"GGA1",0,0,0,0,1,0,0,0,0,1,1,1
"GHR",0,0,0,0,1,0,0,0,0,1,1,1
"GIGYF2",0,0,0,0,0,1,0,0,0,1,1,1
"GIMAP8",0,0,0,0,1,0,0,0,0,1,1,1
"GJA4",0,0,0,0,1,0,0,0,0,1,1,1
"GJC1",0,0,0,0,1,0,0,0,0,1,1,1
"GJC3",0,0,0,0,1,0,0,0,0,1,1,1
"GK2",0,0,0,0,1,0,0,0,0,1,1,1
"GLB1L2",0,0,0,0,1,0,0,0,0,1,1,1
"GLDC",0,0,0,0,1,0,0,0,0,1,1,1
"GLDN",0,0,0,0,1,0,0,0,0,1,1,1
"GLE1",0,0,0,0,1,0,0,0,0,1,1,1
"GLG1",0,0,0,0,0,1,0,0,0,1,1,1
"GLIS3",0,0,0,0,1,0,0,0,0,1,1,1
"GLRX5",1,0,0,0,0,0,0,0,0,1,1,1
"GLTP",0,0,0,0,1,0,0,0,0,1,1,1
"GML",0,0,0,0,1,0,0,0,0,1,1,1
"GMPR2",0,0,0,0,1,0,0,0,0,1,1,1
"GNB1",0,0,0,0,1,0,0,0,0,1,1,1
"GNB3",1,0,0,0,0,0,0,0,0,1,1,1
"GNE",0,0,0,0,0,0,0,1,0,1,1,1
"GNL3",0,0,0,0,1,0,0,0,0,1,1,1
"GNPAT",0,0,0,0,1,0,0,0,0,1,1,1
"GNRHR",0,0,0,0,1,0,0,0,0,1,1,1
"GNS",0,0,0,0,1,0,0,0,0,1,1,1
"GOLGA4",0,0,0,0,1,0,0,0,0,1,1,1
"GON4L",0,0,0,0,1,0,0,0,0,1,1,1
"GOT1L1",0,0,0,0,1,0,0,0,0,1,1,1
"GP1BA",0,0,0,0,1,0,0,0,0,1,1,1
"GP6",0,0,0,0,1,0,0,0,0,1,1,1
"GPATCH4",0,0,0,0,1,0,0,0,0,1,1,1
"GPBAR1",0,0,0,0,1,0,0,0,0,1,1,1
"GPC4",0,0,0,0,1,0,0,0,0,1,1,1
"GPHN",0,0,0,0,1,0,0,0,0,1,1,1
"GPR101",0,0,0,0,1,0,0,0,0,1,1,1
"GPR15",0,0,0,0,1,0,0,0,0,1,1,1
"GPR156",0,0,0,0,0,1,0,0,0,1,1,1
"GPR173",0,0,0,0,1,0,0,0,0,1,1,1
"GPR21",0,0,0,0,0,1,0,0,0,1,1,1
"GPR6",0,0,0,0,1,0,0,0,0,1,1,1
"GPRASP1",0,0,0,0,1,0,0,0,0,1,1,1
"GPRC6A",0,0,0,0,1,0,0,0,0,1,1,1
"GPRIN1",0,0,0,0,1,0,0,0,0,1,1,1
"GPS2",0,0,0,0,1,0,0,0,0,1,1,1
"GPSM1",0,0,0,0,1,0,0,0,0,1,1,1
"GREM2",0,0,0,0,1,0,0,0,0,1,1,1
"GRIA3",0,0,0,0,1,0,0,0,0,1,1,1
"GRIK1",0,0,0,0,1,0,0,0,0,1,1,1
"GRIK2",0,0,0,0,1,0,0,0,0,1,1,1
"GRIK5",0,0,0,0,1,0,0,0,0,1,1,1
"GRIN2B",0,0,0,0,1,0,0,0,0,1,1,1
"GRIPAP1",0,0,0,0,1,0,0,0,0,1,1,1
"GRK2",0,0,0,0,0,0,0,1,0,1,1,1
"GRK4",0,0,0,0,1,0,0,0,0,1,1,1
"GRK5",0,1,0,0,0,0,0,0,0,1,1,1
"GRK7",0,0,0,0,1,0,0,0,0,1,1,1
"GRM1",0,0,0,0,1,0,0,0,0,1,1,1
"GRM3",0,0,0,0,1,0,0,0,0,1,1,1
"GRM8",0,0,0,0,1,0,0,0,0,1,1,1
"GRPR",0,0,0,0,1,0,0,0,0,1,1,1
"GSTCD",0,0,0,0,1,0,0,0,0,1,1,1
"GSTK1",0,0,0,0,1,0,0,0,0,1,1,1
"GSTM4",0,0,0,0,1,0,0,0,0,1,1,1
"GTF2IRD1",0,0,0,0,1,0,0,0,0,1,1,1
"GTF3C1",0,1,0,0,0,0,0,0,0,1,1,1
"GTF3C2",0,0,0,0,1,0,0,0,0,1,1,1
"GTF3C3",0,0,0,0,1,0,0,0,0,1,1,1
"GUCY1A2",0,0,0,0,1,0,0,0,0,1,1,1
"GUCY2C",0,0,0,0,1,0,0,0,0,1,1,1
"GUCY2D",0,0,0,0,1,0,0,0,0,1,1,1
"GZMB",0,0,0,0,1,0,0,0,0,1,1,1
"H1-8",0,1,0,0,0,0,0,0,0,1,1,1
"H2BC14",0,0,0,0,1,0,0,0,0,1,1,1
"H6PD",0,1,0,0,0,0,0,0,0,1,1,1
"HABP2",0,0,0,0,1,0,0,0,0,1,1,1
"HACD4",0,0,0,0,1,0,0,0,0,1,1,1
"HADHB",0,1,0,0,0,0,0,0,0,1,1,1
"HARS2",0,0,0,0,1,0,0,0,0,1,1,1
"HAT1",0,0,0,0,1,0,0,0,0,1,1,1
"HCK",0,0,0,0,1,0,0,0,0,1,1,1
"HCN1",0,0,0,0,1,0,0,0,0,1,1,1
"HCN4",0,0,0,0,1,0,0,0,0,1,1,1
"HDAC2",0,0,0,0,1,0,0,0,0,1,1,1
"HDAC3",0,0,0,0,1,0,0,0,0,1,1,1
"HDAC4",0,0,0,0,1,0,0,0,0,1,1,1
"HDAC6",0,1,0,0,0,0,0,0,0,1,1,1
"HEATR4",0,0,0,0,1,0,0,0,0,1,1,1
"HEATR5A",0,0,0,0,0,1,0,0,0,1,1,1
"HEATR5B",0,0,0,0,1,0,0,0,0,1,1,1
"HEG1",0,1,0,0,0,0,0,0,0,1,1,1
"HEPHL1",0,0,0,0,1,0,0,0,0,1,1,1
"HERC1",0,0,0,0,1,0,0,0,0,1,1,1
"HEY1",0,0,0,0,1,0,0,0,0,1,1,1
"HINT3",0,1,0,0,0,0,0,0,0,1,1,1
"HIVEP1",0,0,0,0,1,0,0,0,0,1,1,1
"HJV",0,0,0,0,1,0,0,0,0,1,1,1
"HKDC1",0,0,0,0,1,0,0,0,0,1,1,1
"HLA-B",0,0,0,0,1,0,0,0,0,1,1,1
"HMBOX1",0,0,0,0,1,0,0,0,0,1,1,1
"HMBS",0,0,0,0,1,0,0,0,0,1,1,1
"HMCN1",0,0,0,0,1,0,0,0,0,1,1,1
"HMGB1",0,0,0,0,0,1,0,0,0,1,1,1
"HNRNPA1L2",0,0,0,0,1,0,0,0,0,1,1,1
"HNRNPDL",0,0,0,0,1,0,0,0,0,1,1,1
"HNRNPF",0,0,0,0,1,0,0,0,0,1,1,1
"HNRNPH1",0,0,0,0,1,0,0,0,0,1,1,1
"HNRNPH2",0,0,0,0,0,1,0,0,0,1,1,1
"HNRNPK",0,0,0,0,0,0,0,1,0,1,1,1
"HNRNPL",0,0,0,0,1,0,0,0,0,1,1,1
"HNRNPUL1",0,0,0,0,1,0,0,0,0,1,1,1
"HOXA9",0,1,0,0,0,0,0,0,0,1,1,1
"HPCA",0,0,0,0,1,0,0,0,0,1,1,1
"HPS1",0,0,0,0,0,1,0,0,0,1,1,1
"HPS5",0,0,0,0,1,0,0,0,0,1,1,1
"HSD11B1",0,0,0,0,1,0,0,0,0,1,1,1
"HSD17B1",0,0,0,0,1,0,0,0,0,1,1,1
"HSD17B4",0,0,0,0,1,0,0,0,0,1,1,1
"HSD17B7",0,0,0,0,1,0,0,0,0,1,1,1
"HSD3B1",0,0,0,0,1,0,0,0,0,1,1,1
"HSH2D",0,0,0,1,0,0,0,0,0,1,1,1
"HSPA12A",0,0,0,0,1,0,0,0,0,1,1,1
"HSPA12B",0,0,0,0,1,0,0,0,0,1,1,1
"HSPA13",0,0,0,0,1,0,0,0,0,1,1,1
"HSPA5",0,0,0,0,1,0,0,0,0,1,1,1
"HSPG2",0,0,0,0,1,0,0,0,0,1,1,1
"HSPH1",0,0,0,0,1,0,0,0,0,1,1,1
"HTR1A",0,0,0,0,1,0,0,0,0,1,1,1
"HTR2B",0,0,0,0,1,0,0,0,0,1,1,1
"HTR3A",0,0,0,0,1,0,0,0,0,1,1,1
"HUWE1",0,0,0,0,1,0,0,0,0,1,1,1
"HYAL1",0,1,0,0,0,0,0,0,0,1,1,1
"HYAL4",0,0,0,0,1,0,0,0,0,1,1,1
"HYOU1",0,0,0,0,0,1,0,0,0,1,1,1
"IAH1",0,0,0,0,1,0,0,0,0,1,1,1
"ICAM3",0,0,0,0,1,0,0,0,0,1,1,1
"ICE1",0,0,0,0,1,0,0,0,0,1,1,1
"IDE",0,0,0,0,1,0,0,0,0,1,1,1
"IDNK",1,0,0,0,0,0,0,0,0,1,1,1
"IFI35",0,1,0,0,0,0,0,0,0,1,1,1
"IFNAR2",0,1,0,0,0,0,0,0,0,1,1,1
"IFT172",0,0,0,0,1,0,0,0,0,1,1,1
"IGF2",0,0,0,0,1,0,0,0,0,1,1,1
"IGF2R",0,0,0,0,0,1,0,0,0,1,1,1
"IGHV2-26",0,0,0,0,1,0,0,0,0,1,1,1
"IGHV3-23",0,0,0,0,1,0,0,0,0,1,1,1
"IGKC",0,0,0,0,1,0,0,0,0,1,1,1
"IGKV1D-8",0,0,0,0,1,0,0,0,0,1,1,1
"IGKV2D-29",0,0,0,0,1,0,0,0,0,1,1,1
"IGLV3-27",0,0,0,0,0,1,0,0,0,1,1,1
"IGLV4-69",0,0,0,0,1,0,0,0,0,1,1,1
"IGSF1",0,0,0,0,1,0,0,0,0,1,1,1
"IGSF10",0,0,0,0,0,1,0,0,0,1,1,1
"IGSF3",0,0,0,0,1,0,0,0,0,1,1,1
"IGSF9B",0,0,0,0,1,0,0,0,0,1,1,1
"IL15RA",0,0,0,0,1,0,0,0,0,1,1,1
"IL17RE",0,0,0,0,1,0,0,0,0,1,1,1
"IL1RAPL1",0,0,0,0,1,0,0,0,0,1,1,1
"IL4R",0,0,0,0,1,0,0,0,0,1,1,1
"IL5RA",0,0,0,0,1,0,0,0,0,1,1,1
"IL6R",0,0,0,0,1,0,0,0,0,1,1,1
"ILDR1",0,0,0,0,0,1,0,0,0,1,1,1
"ILRUN",0,0,0,0,1,0,0,0,0,1,1,1
"IMPG2",0,0,0,0,1,0,0,0,0,1,1,1
"INHBB",0,0,0,0,1,0,0,0,0,1,1,1
"INPP4A",0,0,0,0,1,0,0,0,0,1,1,1
"INPP4B",0,0,0,0,1,0,0,0,0,1,1,1
"INPP5B",0,0,0,0,1,0,0,0,0,1,1,1
"INPP5D",0,0,0,0,1,0,0,0,0,1,1,1
"INSR",0,0,0,0,1,0,0,0,0,1,1,1
"INTS11",0,0,0,0,1,0,0,0,0,1,1,1
"IPCEF1",1,0,0,0,0,0,0,0,0,1,1,1
"IPO7",0,0,0,0,1,0,0,0,0,1,1,1
"IQCC",0,0,0,0,1,0,0,0,0,1,1,1
"IQCF1",1,0,0,0,0,0,0,0,0,1,1,1
"IQCG",0,0,0,0,1,0,0,0,0,1,1,1
"IQGAP2",0,0,0,0,1,0,0,0,0,1,1,1
"IQSEC2",0,0,0,0,1,0,0,0,0,1,1,1
"IRAK2",0,0,0,0,1,0,0,0,0,1,1,1
"IREB2",0,0,0,0,1,0,0,0,0,1,1,1
"IRF1",0,0,0,0,1,0,0,0,0,1,1,1
"IRF2",0,0,0,0,1,0,0,0,0,1,1,1
"IRF2BP2",0,0,0,0,1,0,0,0,0,1,1,1
"IRF9",0,0,0,0,1,0,0,0,0,1,1,1
"IRGC",0,0,0,0,1,0,0,0,0,1,1,1
"ISLR",0,0,0,0,1,0,0,0,0,1,1,1
"IST1",0,0,0,0,1,0,0,0,0,1,1,1
"ISX",0,0,0,0,1,0,0,0,0,1,1,1
"ITCH",0,1,0,0,0,0,0,0,0,1,1,1
"ITGA2",1,0,0,0,0,0,0,0,0,1,1,1
"ITIH5",0,0,0,0,1,0,0,0,0,1,1,1
"ITIH6",0,0,0,0,1,0,0,0,0,1,1,1
"ITPR1",0,0,0,0,1,0,0,0,0,1,1,1
"ITPR2",0,0,0,0,1,0,0,0,0,1,1,1
"ITPRIP",0,0,0,0,1,0,0,0,0,1,1,1
"ITSN1",0,0,0,0,1,0,0,0,0,1,1,1
"IVD",0,0,0,0,1,0,0,0,0,1,1,1
"IZUMO1R",0,0,0,0,1,0,0,0,0,1,1,1
"JADE2",0,0,0,0,1,0,0,0,0,1,1,1
"JAG1",0,0,0,0,1,0,0,0,0,1,1,1
"JAK3",0,0,0,0,1,0,0,0,0,1,1,1
"JMJD1C",0,0,0,0,1,0,0,0,0,1,1,1
"KALRN",0,0,0,0,1,0,0,0,0,1,1,1
"KANK1",0,0,0,0,1,0,0,0,0,1,1,1
"KANSL1",0,1,0,0,0,0,0,0,0,1,1,1
"KASH5",0,0,0,0,1,0,0,0,0,1,1,1
"KAT6B",0,0,0,0,1,0,0,0,0,1,1,1
"KATNA1",0,0,0,0,1,0,0,0,0,1,1,1
"KATNAL2",0,0,0,0,1,0,0,0,0,1,1,1
"KBTBD3",0,0,0,0,1,0,0,0,0,1,1,1
"KBTBD4",0,0,0,0,1,0,0,0,0,1,1,1
"KCNA1",0,0,0,0,1,0,0,0,0,1,1,1
"KCNA4",0,0,0,0,0,1,0,0,0,1,1,1
"KCNA5",0,0,0,0,1,0,0,0,0,1,1,1
"KCNC1",0,0,0,0,1,0,0,0,0,1,1,1
"KCND3",0,0,0,0,1,0,0,0,0,1,1,1
"KCNE3",0,0,0,0,1,0,0,0,0,1,1,1
"KCNE4",0,0,0,0,1,0,0,0,0,1,1,1
"KCNH1",0,0,0,0,1,0,0,0,0,1,1,1
"KCNH2",0,0,0,0,1,0,0,0,0,1,1,1
"KCNH3",0,0,0,0,0,1,0,0,0,1,1,1
"KCNH8",0,0,0,0,1,0,0,0,0,1,1,1
"KCNIP2",0,0,0,0,1,0,0,0,0,1,1,1
"KCNJ14",0,1,0,0,0,0,0,0,0,1,1,1
"KCNJ6",0,0,0,0,1,0,0,0,0,1,1,1
"KCNK12",0,0,0,0,1,0,0,0,0,1,1,1
"KCNK18",0,0,0,0,1,0,0,0,0,1,1,1
"KCNN3",0,0,0,0,1,0,0,0,0,1,1,1
"KCNS2",0,0,0,0,1,0,0,0,0,1,1,1
"KCNT1",0,0,0,0,1,0,0,0,0,1,1,1
"KCNU1",0,0,0,0,0,1,0,0,0,1,1,1
"KCNV1",0,0,0,0,1,0,0,0,0,1,1,1
"KCTD18",0,0,0,0,1,0,0,0,0,1,1,1
"KDM1B",0,0,0,0,1,0,0,0,0,1,1,1
"KDM3A",0,1,0,0,0,0,0,0,0,1,1,1
"KDM3B",0,0,0,0,1,0,0,0,0,1,1,1
"KDM4D",0,0,0,0,1,0,0,0,0,1,1,1
"KDM5A",0,0,0,0,1,0,0,0,0,1,1,1
"KDM5C",0,0,0,0,1,0,0,0,0,1,1,1
"KDM7A",0,0,0,0,1,0,0,0,0,1,1,1
"KDR",0,0,0,0,1,0,0,0,0,1,1,1
"KEAP1",0,1,0,0,0,0,0,0,0,1,1,1
"KIAA0232",0,0,0,0,1,0,0,0,0,1,1,1
"KIAA0513",0,0,0,0,1,0,0,0,0,1,1,1
"KIAA1109",1,0,0,0,0,0,0,0,0,1,1,1
"KIAA1191",0,0,0,0,1,0,0,0,0,1,1,1
"KIAA1210",0,0,0,0,1,0,0,0,0,1,1,1
"KIAA1549L",0,1,0,0,0,0,0,0,0,1,1,1
"KIF13A",0,0,0,1,0,0,0,0,0,1,1,1
"KIF2B",0,0,0,0,1,0,0,0,0,1,1,1
"KIF3A",0,0,0,0,1,0,0,0,0,1,1,1
"KIF3C",0,0,0,0,1,0,0,0,0,1,1,1
"KIR3DL2",0,0,0,0,1,0,0,0,0,1,1,1
"KIRREL2",0,0,0,0,1,0,0,0,0,1,1,1
"KLF15",0,0,0,0,1,0,0,0,0,1,1,1
"KLHL12",0,0,0,0,1,0,0,0,0,1,1,1
"KLHL18",0,0,0,0,1,0,0,0,0,1,1,1
"KLHL31",0,1,0,0,0,0,0,0,0,1,1,1
"KLHL4",0,0,0,0,0,1,0,0,0,1,1,1
"KLHL9",0,0,0,0,1,0,0,0,0,1,1,1
"KLK4",0,0,0,0,1,0,0,0,0,1,1,1
"KMT2A",0,0,0,0,1,0,0,0,0,1,1,1
"KMT5B",0,1,0,0,0,0,0,0,0,1,1,1
"KMT5C",0,0,0,0,1,0,0,0,0,1,1,1
"KNL1",0,0,0,0,1,0,0,0,0,1,1,1
"KPRP",0,0,0,0,1,0,0,0,0,1,1,1
"KRBA2",0,0,0,0,1,0,0,0,0,1,1,1
"KRBOX4",0,1,0,0,0,0,0,0,0,1,1,1
"KRT23",0,0,0,0,1,0,0,0,0,1,1,1
"KRT33A",0,0,1,0,0,0,0,0,0,1,1,1
"KRT4",0,0,0,0,0,1,0,0,0,1,1,1
"KRT40",0,0,0,0,1,0,0,0,0,1,1,1
"KRT77",0,0,0,0,1,0,0,0,0,1,1,1
"KRT79",0,0,0,0,1,0,0,0,0,1,1,1
"KRT85",0,0,0,0,1,0,0,0,0,1,1,1
"KRTAP10-11",0,0,0,0,1,0,0,0,0,1,1,1
"KRTAP10-5",0,0,0,0,1,0,0,0,0,1,1,1
"KRTAP10-8",0,0,0,0,1,0,0,0,0,1,1,1
"KRTAP10-9",0,0,0,0,1,0,0,0,0,1,1,1
"KRTAP4-2",0,0,0,0,1,0,0,0,0,1,1,1
"KRTAP9-3",0,0,0,0,1,0,0,0,0,1,1,1
"L3MBTL1",0,0,0,0,1,0,0,0,0,1,1,1
"L3MBTL4",0,0,0,0,1,0,0,0,0,1,1,1
"LAP3",0,0,0,0,1,0,0,0,0,1,1,1
"LAPTM5",0,0,0,0,1,0,0,0,0,1,1,1
"LARP4",0,0,0,0,1,0,0,0,0,1,1,1
"LARS1",0,0,0,0,1,0,0,0,0,1,1,1
"LATS1",0,0,0,0,1,0,0,0,0,1,1,1
"LCK",0,0,0,0,1,0,0,0,0,1,1,1
"LCOR",0,0,0,0,1,0,0,0,0,1,1,1
"LCP2",0,0,0,0,1,0,0,0,0,1,1,1
"LCT",0,0,0,0,1,0,0,0,0,1,1,1
"LDB1",0,0,0,0,1,0,0,0,0,1,1,1
"LDHAL6A",0,0,0,0,1,0,0,0,0,1,1,1
"LDLRAD4",0,0,0,0,1,0,0,0,0,1,1,1
"LENG1",0,0,0,0,1,0,0,0,0,1,1,1
"LENG9",0,0,0,0,1,0,0,0,0,1,1,1
"LEO1",0,0,0,0,1,0,0,0,0,1,1,1
"LEPR",0,0,0,0,1,0,0,0,0,1,1,1
"LETM1",0,0,0,0,1,0,0,0,0,1,1,1
"LEXM",0,0,0,0,1,0,0,0,0,1,1,1
"LGALS9C",0,0,0,0,1,0,0,0,0,1,1,1
"LHCGR",0,0,0,0,1,0,0,0,0,1,1,1
"LILRA6",0,0,0,0,1,0,0,0,0,1,1,1
"LILRB2",0,0,0,0,1,0,0,0,0,1,1,1
"LIMA1",0,0,0,0,1,0,0,0,0,1,1,1
"LIMD1",0,1,0,0,0,0,0,0,0,1,1,1
"LIMK1",0,0,0,0,1,0,0,0,0,1,1,1
"LIMS2",0,0,0,0,1,0,0,0,0,1,1,1
"LINC02210-CRHR1",0,0,0,0,1,0,0,0,0,1,1,1
"LINGO1",0,0,0,0,1,0,0,0,0,1,1,1
"LINGO2",0,0,0,0,1,0,0,0,0,1,1,1
"LMAN2",0,0,0,0,1,0,0,0,0,1,1,1
"LMBR1L",0,0,0,0,1,0,0,0,0,1,1,1
"LMO7",0,0,0,0,1,0,0,0,0,1,1,1
"LMOD1",0,0,0,0,1,0,0,0,0,1,1,1
"LPAR1",0,0,0,0,1,0,0,0,0,1,1,1
"LPIN2",0,0,0,0,1,0,0,0,0,1,1,1
"LPL",0,0,0,0,1,0,0,0,0,1,1,1
"LPP",0,0,0,0,1,0,0,0,0,1,1,1
"LRCH4",0,1,0,0,0,0,0,0,0,1,1,1
"LRFN3",0,0,0,0,1,0,0,0,0,1,1,1
"LRIF1",0,0,0,1,0,0,0,0,0,1,1,1
"LRIG2",0,0,0,0,1,0,0,0,0,1,1,1
"LRIT1",0,0,0,0,1,0,0,0,0,1,1,1
"LRIT2",0,0,0,0,1,0,0,0,0,1,1,1
"LRRC31",0,0,0,0,1,0,0,0,0,1,1,1
"LRRC36",0,0,0,0,1,0,0,0,0,1,1,1
"LRRC3B",0,0,0,0,1,0,0,0,0,1,1,1
"LRRC43",0,0,0,0,1,0,0,0,0,1,1,1
"LRRC6",0,0,0,0,1,0,0,0,0,1,1,1
"LRRK1",0,0,0,0,1,0,0,0,0,1,1,1
"LRRTM2",0,0,0,0,1,0,0,0,0,1,1,1
"LSM1",0,1,0,0,0,0,0,0,0,1,1,1
"LSM4",0,0,0,0,1,0,0,0,0,1,1,1
"LTF",0,0,0,0,1,0,0,0,0,1,1,1
"LY9",0,0,0,0,1,0,0,0,0,1,1,1
"LYAR",0,0,0,0,1,0,0,0,0,1,1,1
"LYPLA2",0,0,0,0,1,0,0,0,0,1,1,1
"LZTS1",0,0,0,0,1,0,0,0,0,1,1,1
"MAGEB16",0,0,0,0,1,0,0,0,0,1,1,1
"MAGEB6B",0,0,0,0,1,0,0,0,0,1,1,1
"MAGEC2",0,0,0,0,1,0,0,0,0,1,1,1
"MAGED1",0,0,0,0,1,0,0,0,0,1,1,1
"MAGI2",0,0,0,0,1,0,0,0,0,1,1,1
"MAGT1",0,0,0,0,1,0,0,0,0,1,1,1
"MAMLD1",0,0,0,0,1,0,0,0,0,1,1,1
"MAN1B1",0,0,0,0,1,0,0,0,0,1,1,1
"MAN2B1",0,0,0,0,1,0,0,0,0,1,1,1
"MAOA",0,1,0,0,0,0,0,0,0,1,1,1
"MAP1B",0,0,0,0,1,0,0,0,0,1,1,1
"MAP2",0,0,0,0,1,0,0,0,0,1,1,1
"MAP3K11",0,1,0,0,0,0,0,0,0,1,1,1
"MAP3K14",0,0,0,0,0,1,0,0,0,1,1,1
"MAP3K4",0,0,0,0,1,0,0,0,0,1,1,1
"MAP3K7",0,0,0,0,1,0,0,0,0,1,1,1
"MAP3K9",0,0,0,0,1,0,0,0,0,1,1,1
"MAP4K4",0,0,0,0,1,0,0,0,0,1,1,1
"MAP7D2",0,0,0,0,1,0,0,0,0,1,1,1
"MAPK13",0,0,0,0,1,0,0,0,0,1,1,1
"MAPK8",0,0,0,0,1,0,0,0,0,1,1,1
"MAPK9",0,1,0,0,0,0,0,0,0,1,1,1
"MAPKBP1",0,0,0,0,1,0,0,0,0,1,1,1
"MARCHF2",1,0,0,0,0,0,0,0,0,1,1,1
"MARCHF6",0,0,0,0,1,0,0,0,0,1,1,1
"MARK1",0,0,0,0,1,0,0,0,0,1,1,1
"MARS1",0,0,0,0,1,0,0,0,0,1,1,1
"MASP2",0,0,0,0,1,0,0,0,0,1,1,1
"MAST2",0,0,0,0,1,0,0,0,0,1,1,1
"MATK",0,0,0,0,1,0,0,0,0,1,1,1
"MBD1",0,0,0,0,0,1,0,0,0,1,1,1
"MBD2",0,0,0,0,0,1,0,0,0,1,1,1
"MBD5",0,0,0,0,1,0,0,0,0,1,1,1
"MBOAT1",0,0,0,0,1,0,0,0,0,1,1,1
"MCCC1",0,0,0,0,1,0,0,0,0,1,1,1
"MCM2",0,0,0,0,1,0,0,0,0,1,1,1
"MCOLN2",0,0,0,0,1,0,0,0,0,1,1,1
"MCTP1",0,0,0,0,0,0,0,1,0,1,1,1
"MCTP2",0,0,0,0,1,0,0,0,0,1,1,1
"MECOM",0,0,0,0,1,0,0,0,0,1,1,1
"MED12L",0,1,0,0,0,0,0,0,0,1,1,1
"MED21",0,0,0,0,1,0,0,0,0,1,1,1
"MED6",0,0,0,0,1,0,0,0,0,1,1,1
"MEGF10",0,0,0,0,1,0,0,0,0,1,1,1
"MEI1",0,0,0,0,1,0,0,0,0,1,1,1
"MEPE",0,0,0,0,1,0,0,0,0,1,1,1
"METTL14",0,0,0,0,1,0,0,0,0,1,1,1
"METTL18",0,0,0,0,1,0,0,0,0,1,1,1
"MEX3C",0,0,0,0,1,0,0,0,0,1,1,1
"MFAP3",0,0,0,0,1,0,0,0,0,1,1,1
"MFSD14A",0,0,0,0,1,0,0,0,0,1,1,1
"MFSD6",0,0,0,0,1,0,0,0,0,1,1,1
"MGAT4A",0,0,0,0,0,1,0,0,0,1,1,1
"MGAT5",0,0,0,0,1,0,0,0,0,1,1,1
"MGLL",0,0,0,0,1,0,0,0,0,1,1,1
"MIB1",0,0,0,0,1,0,0,0,0,1,1,1
"MICAL1",0,0,0,0,1,0,0,0,0,1,1,1
"MID2",0,0,0,0,1,0,0,0,0,1,1,1
"MIEF1",0,0,0,0,0,1,0,0,0,1,1,1
"MINDY4",0,0,0,0,1,0,0,0,0,1,1,1
"MKRN2",0,0,0,0,1,0,0,0,0,1,1,1
"MKRN3",0,0,0,0,1,0,0,0,0,1,1,1
"MLXIP",0,0,0,0,1,0,0,0,0,1,1,1
"MMD2",0,0,0,0,1,0,0,0,0,1,1,1
"MMP2",0,0,0,0,1,0,0,0,0,1,1,1
"MMP24",0,0,0,0,1,0,0,0,0,1,1,1
"MMP25",0,0,0,0,1,0,0,0,0,1,1,1
"MNDA",0,0,0,0,1,0,0,0,0,1,1,1
"MNS1",0,0,0,0,1,0,0,0,0,1,1,1
"MNT",0,0,0,0,1,0,0,0,0,1,1,1
"MOG",0,0,0,0,1,0,0,0,0,1,1,1
"MORC2",0,0,0,0,1,0,0,0,0,1,1,1
"MOV10",0,0,0,0,1,0,0,0,0,1,1,1
"MPDU1",0,0,0,0,0,0,0,1,0,1,1,1
"MPHOSPH9",0,0,0,0,1,0,0,0,0,1,1,1
"MPPED2",0,0,0,0,1,0,0,0,0,1,1,1
"MRC1",0,0,0,0,1,0,0,0,0,1,1,1
"MRC2",0,0,0,0,1,0,0,0,0,1,1,1
"MRE11",0,0,0,0,1,0,0,0,0,1,1,1
"MRGPRD",0,0,0,0,1,0,0,0,0,1,1,1
"MRGPRX3",0,0,0,0,1,0,0,0,0,1,1,1
"MRM3",0,1,0,0,0,0,0,0,0,1,1,1
"MROH2B",0,0,0,0,1,0,0,0,0,1,1,1
"MRPL11",0,0,0,0,1,0,0,0,0,1,1,1
"MRPL43",0,0,0,0,1,0,0,0,0,1,1,1
"MRPS2",0,0,0,0,1,0,0,0,0,1,1,1
"MRPS5",0,0,0,0,1,0,0,0,0,1,1,1
"MRTO4",0,0,0,0,1,0,0,0,0,1,1,1
"MS4A1",0,0,0,0,1,0,0,0,0,1,1,1
"MSRB1",0,0,0,0,1,0,0,0,0,1,1,1
"MSS51",0,0,0,0,1,0,0,0,0,1,1,1
"MTA1",0,1,0,0,0,0,0,0,0,1,1,1
"MTA2",0,0,0,0,1,0,0,0,0,1,1,1
"MTBP",0,0,0,0,0,1,0,0,0,1,1,1
"MTCL1",0,0,0,0,1,0,0,0,0,1,1,1
"MTMR11",0,0,0,0,1,0,0,0,0,1,1,1
"MTMR3",0,0,0,0,1,0,0,0,0,1,1,1
"MTMR4",0,0,0,0,1,0,0,0,0,1,1,1
"MTMR8",0,0,0,0,1,0,0,0,0,1,1,1
"MTTP",0,0,0,0,1,0,0,0,0,1,1,1
"MTUS2",0,0,0,0,1,0,0,0,0,1,1,1
"MUC13",0,0,0,0,1,0,0,0,0,1,1,1
"MUC4",0,0,0,0,1,0,0,0,0,1,1,1
"MUC5B",0,0,0,0,1,0,0,0,0,1,1,1
"MUC6",0,1,0,0,0,0,0,0,0,1,1,1
"MYB",0,0,0,0,1,0,0,0,0,1,1,1
"MYBBP1A",0,0,0,0,1,0,0,0,0,1,1,1
"MYBPC2",0,1,0,0,0,0,0,0,0,1,1,1
"MYCL",0,0,0,0,1,0,0,0,0,1,1,1
"MYD88",0,0,0,0,1,0,0,0,0,1,1,1
"MYEF2",0,0,0,0,1,0,0,0,0,1,1,1
"MYG1",0,0,0,0,0,1,0,0,0,1,1,1
"MYH1",0,0,0,0,1,0,0,0,0,1,1,1
"MYH15",0,0,0,0,0,1,0,0,0,1,1,1
"MYH3",0,0,0,0,0,1,0,0,0,1,1,1
"MYH4",0,0,0,0,1,0,0,0,0,1,1,1
"MYH6",0,0,0,0,1,0,0,0,0,1,1,1
"MYH7B",0,0,0,0,1,0,0,0,0,1,1,1
"MYH9",0,0,0,0,1,0,0,0,0,1,1,1
"MYL9",0,0,0,0,1,0,0,0,0,1,1,1
"MYO18A",0,0,0,0,1,0,0,0,0,1,1,1
"MYO18B",0,0,0,0,1,0,0,0,0,1,1,1
"MYO1B",0,0,0,0,1,0,0,0,0,1,1,1
"MYO5A",0,0,0,0,1,0,0,0,0,1,1,1
"MYO5C",0,0,0,0,1,0,0,0,0,1,1,1
"MYO7B",0,0,0,0,1,0,0,0,0,1,1,1
"MYOM1",0,0,0,0,1,0,0,0,0,1,1,1
"MYOM3",0,0,0,0,0,1,0,0,0,1,1,1
"MYOZ1",0,0,0,0,1,0,0,0,0,1,1,1
"MYRIP",0,0,0,0,1,0,0,0,0,1,1,1
"MZF1",0,0,0,0,1,0,0,0,0,1,1,1
"N4BP2L2",0,0,0,0,1,0,0,0,0,1,1,1
"NAA15",0,0,0,0,0,1,0,0,0,1,1,1
"NADK2",0,0,0,0,1,0,0,0,0,1,1,1
"NAPSA",0,0,0,0,1,0,0,0,0,1,1,1
"NASP",0,0,0,0,0,1,0,0,0,1,1,1
"NBEAL1",0,0,0,0,1,0,0,0,0,1,1,1
"NBPF11",0,0,0,0,1,0,0,0,0,1,1,1
"NCAN",0,0,0,0,1,0,0,0,0,1,1,1
"NCAPD3",0,0,0,0,1,0,0,0,0,1,1,1
"NCBP3",0,0,0,0,1,0,0,0,0,1,1,1
"NCCRP1",0,0,0,0,1,0,0,0,0,1,1,1
"NCKAP5",0,0,0,0,1,0,0,0,0,1,1,1
"NCL",0,0,0,0,1,0,0,0,0,1,1,1
"NCOA3",0,0,0,0,1,0,0,0,0,1,1,1
"NCOA6",0,0,0,0,1,0,0,0,0,1,1,1
"NCR2",0,0,0,0,0,1,0,0,0,1,1,1
"NDRG2",0,0,0,0,1,0,0,0,0,1,1,1
"NDRG4",0,0,0,0,1,0,0,0,0,1,1,1
"NECTIN1",0,0,0,0,1,0,0,0,0,1,1,1
"NEDD4L",0,0,0,0,1,0,0,0,0,1,1,1
"NEIL1",0,0,0,0,0,1,0,0,0,1,1,1
"NEU2",0,1,0,0,0,0,0,0,0,1,1,1
"NEURL4",0,1,0,0,0,0,0,0,0,1,1,1
"NFAT5",0,0,0,0,1,0,0,0,0,1,1,1
"NFATC4",0,0,0,0,1,0,0,0,0,1,1,1
"NFE2",0,1,0,0,0,0,0,0,0,1,1,1
"NFE2L2",0,0,0,0,1,0,0,0,0,1,1,1
"NFX1",0,0,0,0,0,1,0,0,0,1,1,1
"NID1",0,0,0,0,0,1,0,0,0,1,1,1
"NIT2",0,0,0,0,1,0,0,0,0,1,1,1
"NKG7",0,1,0,0,0,0,0,0,0,1,1,1
"NKRF",0,0,0,0,1,0,0,0,0,1,1,1
"NKX2-3",0,1,0,0,0,0,0,0,0,1,1,1
"NLGN2",0,0,0,0,1,0,0,0,0,1,1,1
"NLGN3",0,0,0,0,1,0,0,0,0,1,1,1
"NLGN4Y",0,1,0,0,0,0,0,0,0,1,1,1
"NLRC3",0,0,0,0,1,0,0,0,0,1,1,1
"NLRC5",0,1,0,0,0,0,0,0,0,1,1,1
"NLRP10",0,0,0,0,0,1,0,0,0,1,1,1
"NLRP14",0,0,0,0,1,0,0,0,0,1,1,1
"NLRP2",0,0,0,0,1,0,0,0,0,1,1,1
"NMRAL1",0,0,0,0,1,0,0,0,0,1,1,1
"NOCT",0,1,0,0,0,0,0,0,0,1,1,1
"NODAL",0,0,0,0,1,0,0,0,0,1,1,1
"NOL9",0,0,0,0,1,0,0,0,0,1,1,1
"NOS2",0,0,0,0,1,0,0,0,0,1,1,1
"NOTCH4",0,0,0,0,1,0,0,0,0,1,1,1
"NOX4",0,0,0,0,1,0,0,0,0,1,1,1
"NOXRED1",0,0,0,0,1,0,0,0,0,1,1,1
"NPAS1",0,1,0,0,0,0,0,0,0,1,1,1
"NPAT",0,0,0,0,1,0,0,0,0,1,1,1
"NPFFR2",0,0,0,0,1,0,0,0,0,1,1,1
"NPHS1",0,0,0,0,1,0,0,0,0,1,1,1
"NPNT",0,0,0,0,1,0,0,0,0,1,1,1
"NPR1",0,0,0,0,1,0,0,0,0,1,1,1
"NPTXR",0,0,0,0,1,0,0,0,0,1,1,1
"NR6A1",0,0,0,0,0,0,0,1,0,1,1,1
"NRAS",0,0,0,0,1,0,0,0,0,1,1,1
"NRDE2",0,0,0,0,0,1,0,0,0,1,1,1
"NRP2",0,0,0,0,1,0,0,0,0,1,1,1
"NRTN",0,0,0,0,1,0,0,0,0,1,1,1
"NRXN1",0,0,0,0,1,0,0,0,0,1,1,1
"NRXN3",0,0,0,0,1,0,0,0,0,1,1,1
"NTNG2",0,1,0,0,0,0,0,0,0,1,1,1
"NTRK3",0,0,0,0,1,0,0,0,0,1,1,1
"NUAK2",0,0,0,0,1,0,0,0,0,1,1,1
"NUDT5",0,1,0,0,0,0,0,0,0,1,1,1
"NUMA1",0,0,0,0,0,0,0,1,0,1,1,1
"NUP155",0,0,0,0,1,0,0,0,0,1,1,1
"NUP210",0,0,0,0,1,0,0,0,0,1,1,1
"NUP210L",0,0,0,0,1,0,0,0,0,1,1,1
"NUP214",0,0,0,0,1,0,0,0,0,1,1,1
"NUP50",0,0,0,0,0,0,0,1,0,1,1,1
"NUP85",0,0,0,0,1,0,0,0,0,1,1,1
"NUP93",0,0,0,0,1,0,0,0,0,1,1,1
"NUP98",0,0,0,0,1,0,0,0,0,1,1,1
"NXPH3",1,0,0,0,0,0,0,0,0,1,1,1
"OAS2",0,0,0,0,0,1,0,0,0,1,1,1
"OAS3",0,0,0,0,1,0,0,0,0,1,1,1
"OBSCN",0,0,0,0,1,0,0,0,0,1,1,1
"OCRL",0,0,0,0,1,0,0,0,0,1,1,1
"OFD1",0,1,0,0,0,0,0,0,0,1,1,1
"OGDHL",0,0,0,0,1,0,0,0,0,1,1,1
"OGFRL1",0,0,0,0,1,0,0,0,0,1,1,1
"OIT3",0,0,0,0,1,0,0,0,0,1,1,1
"OPA3",0,0,0,0,1,0,0,0,0,1,1,1
"OPALIN",0,1,0,0,0,0,0,0,0,1,1,1
"OPN3",0,0,0,0,1,0,0,0,0,1,1,1
"OPRL1",0,0,0,0,0,1,0,0,0,1,1,1
"OPRM1",0,0,0,0,1,0,0,0,0,1,1,1
"OR10G3",0,0,0,0,1,0,0,0,0,1,1,1
"OR10H1",0,0,0,0,1,0,0,0,0,1,1,1
"OR11H6",0,0,0,0,1,0,0,0,0,1,1,1
"OR1G1",0,0,0,0,1,0,0,0,0,1,1,1
"OR1N2",0,0,0,0,1,0,0,0,0,1,1,1
"OR2B2",0,0,0,0,1,0,0,0,0,1,1,1
"OR2B6",0,1,0,0,0,0,0,0,0,1,1,1
"OR2D2",0,0,0,0,1,0,0,0,0,1,1,1
"OR2F1",0,0,0,0,1,0,0,0,0,1,1,1
"OR2L13",0,0,0,0,0,1,0,0,0,1,1,1
"OR2T10",0,0,0,0,0,1,0,0,0,1,1,1
"OR4C15",0,0,0,0,1,0,0,0,0,1,1,1
"OR4C46",0,0,0,0,1,0,0,0,0,1,1,1
"OR51B5",0,0,0,0,1,0,0,0,0,1,1,1
"OR51B6",0,0,0,0,1,0,0,0,0,1,1,1
"OR51F2",0,0,0,0,1,0,0,0,0,1,1,1
"OR51L1",0,0,0,0,1,0,0,0,0,1,1,1
"OR51M1",0,0,0,0,1,0,0,0,0,1,1,1
"OR52E6",0,0,0,0,1,0,0,0,0,1,1,1
"OR56B1",0,0,0,0,0,1,0,0,0,1,1,1
"OR5D16",0,0,0,0,1,0,0,0,0,1,1,1
"OR5H15",0,0,0,0,1,0,0,0,0,1,1,1
"OR5H2",0,0,0,0,1,0,0,0,0,1,1,1
"OR6B1",0,0,0,0,1,0,0,0,0,1,1,1
"OR6F1",0,0,0,0,1,0,0,0,0,1,1,1
"OR6M1",0,0,0,0,1,0,0,0,0,1,1,1
"OR6N2",0,0,0,0,1,0,0,0,0,1,1,1
"OR6T1",0,0,0,0,1,0,0,0,0,1,1,1
"OR6Y1",0,0,0,0,1,0,0,0,0,1,1,1
"OR7A10",0,0,0,0,1,0,0,0,0,1,1,1
"OR7A17",0,0,0,0,1,0,0,0,0,1,1,1
"OR7A5",0,0,0,0,1,0,0,0,0,1,1,1
"OR7D2",0,0,0,0,1,0,0,0,0,1,1,1
"OR8D2",0,0,0,0,0,1,0,0,0,1,1,1
"OR8K1",0,0,0,0,1,0,0,0,0,1,1,1
"OR9G4",0,0,0,0,1,0,0,0,0,1,1,1
"OR9Q1",0,0,0,0,1,0,0,0,0,1,1,1
"OS9",0,0,0,0,1,0,0,0,0,1,1,1
"OSBPL10",0,0,0,0,1,0,0,0,0,1,1,1
"OSBPL8",0,0,0,0,1,0,0,0,0,1,1,1
"OSMR",0,0,0,0,1,0,0,0,0,1,1,1
"OTOA",0,0,0,0,1,0,0,0,0,1,1,1
"OTUD7B",0,0,0,0,1,0,0,0,0,1,1,1
"OTX2",0,1,0,0,0,0,0,0,0,1,1,1
"OXA1L",0,0,0,0,1,0,0,0,0,1,1,1
"OXER1",0,0,0,0,1,0,0,0,0,1,1,1
"OXSR1",0,0,0,0,1,0,0,0,0,1,1,1
"P2RX7",0,0,0,0,1,0,0,0,0,1,1,1
"P3H1",0,0,0,0,1,0,0,0,0,1,1,1
"P4HA1",0,0,0,0,1,0,0,0,0,1,1,1
"PABPC3",0,0,0,0,1,0,0,0,0,1,1,1
"PAG1",0,0,0,0,1,0,0,0,0,1,1,1
"PAGR1",0,0,0,0,0,1,0,0,0,1,1,1
"PAK3",0,0,0,0,1,0,0,0,0,1,1,1
"PALB2",0,0,0,0,1,0,0,0,0,1,1,1
"PALLD",0,0,0,0,0,0,0,1,0,1,1,1
"PALM2AKAP2",0,0,0,0,1,0,0,0,0,1,1,1
"PAPPA2",0,0,0,0,1,0,0,0,0,1,1,1
"PAPSS1",0,0,0,0,1,0,0,0,0,1,1,1
"PAPSS2",0,0,0,0,1,0,0,0,0,1,1,1
"PARP12",0,0,0,0,1,0,0,0,0,1,1,1
"PBXIP1",0,0,0,0,1,0,0,0,0,1,1,1
"PCDH1",0,0,0,0,0,1,0,0,0,1,1,1
"PCDHA1",0,0,0,0,1,0,0,0,0,1,1,1
"PCDHA2",1,0,0,0,0,0,0,0,0,1,1,1
"PCDHA3",0,0,0,0,1,0,0,0,0,1,1,1
"PCDHA4",0,0,0,0,1,0,0,0,0,1,1,1
"PCDHA8",0,0,0,0,1,0,0,0,0,1,1,1
"PCDHAC1",0,0,0,0,1,0,0,0,0,1,1,1
"PCDHB13",0,0,0,0,1,0,0,0,0,1,1,1
"PCDHB16",0,0,0,0,1,0,0,0,0,1,1,1
"PCDHB3",0,0,0,0,1,0,0,0,0,1,1,1
"PCDHB5",0,0,0,0,1,0,0,0,0,1,1,1
"PCDHB6",1,0,0,0,0,0,0,0,0,1,1,1
"PCDHB8",0,0,0,0,1,0,0,0,0,1,1,1
"PCDHGA11",0,0,0,0,1,0,0,0,0,1,1,1
"PCDHGA5",0,0,0,0,1,0,0,0,0,1,1,1
"PCF11",0,0,0,0,1,0,0,0,0,1,1,1
"PCNX2",0,0,0,0,1,0,0,0,0,1,1,1
"PCSK2",0,0,0,0,1,0,0,0,0,1,1,1
"PCSK5",0,0,0,0,1,0,0,0,0,1,1,1
"PCYOX1L",0,0,0,0,1,0,0,0,0,1,1,1
"PCYT1A",0,0,0,0,1,0,0,0,0,1,1,1
"PDAP1",0,0,0,0,1,0,0,0,0,1,1,1
"PDE10A",0,0,0,0,1,0,0,0,0,1,1,1
"PDE11A",0,0,0,0,0,1,0,0,0,1,1,1
"PDE1B",0,0,0,0,1,0,0,0,0,1,1,1
"PDE3A",0,0,0,0,1,0,0,0,0,1,1,1
"PDE4DIP",0,0,0,0,1,0,0,0,0,1,1,1
"PDE5A",0,0,0,0,1,0,0,0,0,1,1,1
"PDGFRA",0,0,0,0,1,0,0,0,0,1,1,1
"PDGFRB",0,0,0,0,1,0,0,0,0,1,1,1
"PDP1",0,0,0,0,1,0,0,0,0,1,1,1
"PDS5B",0,0,0,0,1,0,0,0,0,1,1,1
"PDZK1",0,0,0,0,1,0,0,0,0,1,1,1
"PEAR1",0,0,0,0,1,0,0,0,0,1,1,1
"PEG3",0,0,0,0,1,0,0,0,0,1,1,1
"PEX13",1,0,0,0,0,0,0,0,0,1,1,1
"PEX19",0,0,0,0,1,0,0,0,0,1,1,1
"PGAM1",0,0,0,0,1,0,0,0,0,1,1,1
"PGAP3",0,0,0,0,1,0,0,0,0,1,1,1
"PGD",0,0,0,0,1,0,0,0,0,1,1,1
"PGM2L1",0,0,0,0,1,0,0,0,0,1,1,1
"PHACTR1",0,0,0,0,1,0,0,0,0,1,1,1
"PHACTR3",0,0,0,0,1,0,0,0,0,1,1,1
"PHACTR4",0,0,0,0,1,0,0,0,0,1,1,1
"PHF12",0,0,0,0,0,1,0,0,0,1,1,1
"PHIP",0,0,0,0,1,0,0,0,0,1,1,1
"PHKA2",0,0,0,0,1,0,0,0,0,1,1,1
"PHLPP1",0,0,0,0,1,0,0,0,0,1,1,1
"PHYH",0,0,0,0,1,0,0,0,0,1,1,1
"PIGO",0,0,0,0,1,0,0,0,0,1,1,1
"PIGU",0,0,0,0,1,0,0,0,0,1,1,1
"PIGV",0,0,0,0,1,0,0,0,0,1,1,1
"PIK3C2B",0,1,0,0,0,0,0,0,0,1,1,1
"PIKFYVE",0,0,0,0,1,0,0,0,0,1,1,1
"PIM2",0,1,0,0,0,0,0,0,0,1,1,1
"PIP4P2",0,0,0,0,1,0,0,0,0,1,1,1
"PIP5K1C",0,0,0,0,1,0,0,0,0,1,1,1
"PIWIL4",0,0,0,0,1,0,0,0,0,1,1,1
"PJA1",0,0,0,0,1,0,0,0,0,1,1,1
"PJA2",0,0,0,0,1,0,0,0,0,1,1,1
"PKD2L1",0,0,0,0,1,0,0,0,0,1,1,1
"PKDREJ",0,0,0,0,1,0,0,0,0,1,1,1
"PKHD1",0,0,0,0,0,1,0,0,0,1,1,1
"PKHD1L1",0,0,0,0,1,0,0,0,0,1,1,1
"PKM",0,0,0,0,1,0,0,0,0,1,1,1
"PKN1",0,0,0,0,1,0,0,0,0,1,1,1
"PKN2",0,0,0,0,1,0,0,0,0,1,1,1
"PKNOX1",0,0,0,0,1,0,0,0,0,1,1,1
"PKP2",0,0,0,0,0,1,0,0,0,1,1,1
"PLA2G2D",0,0,0,0,1,0,0,0,0,1,1,1
"PLA2G3",0,0,0,0,1,0,0,0,0,1,1,1
"PLA2G4F",0,0,0,0,1,0,0,0,0,1,1,1
"PLAA",0,0,0,0,1,0,0,0,0,1,1,1
"PLAGL1",0,0,0,0,1,0,0,0,0,1,1,1
"PLCD4",0,0,0,0,1,0,0,0,0,1,1,1
"PLD1",0,0,0,0,1,0,0,0,0,1,1,1
"PLD5",0,0,0,0,1,0,0,0,0,1,1,1
"PLEKHA4",0,0,0,0,1,0,0,0,0,1,1,1
"PLEKHA6",0,0,0,0,0,0,0,1,0,1,1,1
"PLEKHG6",0,0,0,0,1,0,0,0,0,1,1,1
"PLEKHO2",0,0,0,0,1,0,0,0,0,1,1,1
"PLOD1",0,0,0,0,1,0,0,0,0,1,1,1
"PLPP2",0,0,0,0,1,0,0,0,0,1,1,1
"PLPPR1",0,0,0,0,1,0,0,0,0,1,1,1
"PLPPR4",0,0,0,0,1,0,0,0,0,1,1,1
"PLXNA2",0,0,0,0,1,0,0,0,0,1,1,1
"PLXNA4",0,0,0,0,1,0,0,0,0,1,1,1
"PLXNC1",0,0,0,0,1,0,0,0,0,1,1,1
"PMF1",0,0,0,0,1,0,0,0,0,1,1,1
"PMFBP1",0,0,0,0,1,0,0,0,0,1,1,1
"PMS2",0,0,0,0,1,0,0,0,0,1,1,1
"PNMA3",0,0,0,0,1,0,0,0,0,1,1,1
"PNMA5",0,1,0,0,0,0,0,0,0,1,1,1
"PNPLA3",0,0,0,0,1,0,0,0,0,1,1,1
"PNPLA5",0,0,0,0,1,0,0,0,0,1,1,1
"POC1A",0,0,0,0,1,0,0,0,0,1,1,1
"PODXL2",0,0,0,0,1,0,0,0,0,1,1,1
"POGLUT1",0,0,0,0,1,0,0,0,0,1,1,1
"POGLUT2",0,0,0,0,1,0,0,0,0,1,1,1
"POLE",0,0,0,0,1,0,0,0,0,1,1,1
"POLG",0,0,0,0,1,0,0,0,0,1,1,1
"POLQ",0,0,0,0,1,0,0,0,0,1,1,1
"POLR1A",0,0,0,0,0,1,0,0,0,1,1,1
"POLR2B",0,0,0,0,1,0,0,0,0,1,1,1
"POLR2E",0,0,0,0,0,1,0,0,0,1,1,1
"POLRMT",0,0,0,0,1,0,0,0,0,1,1,1
"POM121L12",0,0,0,0,1,0,0,0,0,1,1,1
"POP1",1,0,0,0,0,0,0,0,0,1,1,1
"POP7",0,0,0,0,1,0,0,0,0,1,1,1
"POSTN",0,0,0,0,1,0,0,0,0,1,1,1
"POU3F2",0,1,0,0,0,0,0,0,0,1,1,1
"POU4F2",0,0,0,0,1,0,0,0,0,1,1,1
"POU5F1",0,0,0,0,1,0,0,0,0,1,1,1
"PPARGC1A",0,0,0,0,1,0,0,0,0,1,1,1
"PPARGC1B",0,0,0,0,1,0,0,0,0,1,1,1
"PPCS",0,0,0,0,1,0,0,0,0,1,1,1
"PPEF1",0,0,0,0,1,0,0,0,0,1,1,1
"PPIP5K1",0,0,0,0,1,0,0,0,0,1,1,1
"PPP1R12C",0,0,0,0,1,0,0,0,0,1,1,1
"PPP2R1B",0,0,0,0,1,0,0,0,0,1,1,1
"PPP4R3A",0,0,0,0,1,0,0,0,0,1,1,1
"PRAG1",0,0,0,0,1,0,0,0,0,1,1,1
"PRAMEF2",0,0,0,0,1,0,0,0,0,1,1,1
"PRDM1",0,0,0,0,1,0,0,0,0,1,1,1
"PRDM16",0,0,0,0,1,0,0,0,0,1,1,1
"PRDM7",0,0,0,0,1,0,0,0,0,1,1,1
"PRDX4",0,0,0,0,0,0,1,0,0,1,1,1
"PRELID2",0,1,0,0,0,0,0,0,0,1,1,1
"PRF1",0,0,0,0,1,0,0,0,0,1,1,1
"PRKAG2",0,0,0,0,1,0,0,0,0,1,1,1
"PRKAG3",0,0,0,0,1,0,0,0,0,1,1,1
"PRKCG",0,0,0,0,1,0,0,0,0,1,1,1
"PRKCI",0,0,0,0,1,0,0,0,0,1,1,1
"PRKD1",0,0,0,0,1,0,0,0,0,1,1,1
"PRKG2",0,0,0,0,1,0,0,0,0,1,1,1
"PRKX",0,0,0,0,1,0,0,0,0,1,1,1
"PRMT3",0,0,0,0,1,0,0,0,0,1,1,1
"PROKR1",0,0,0,0,1,0,0,0,0,1,1,1
"PROS1",0,0,0,0,1,0,0,0,0,1,1,1
"PROSER1",0,0,0,0,1,0,0,0,0,1,1,1
"PROX2",1,0,0,0,0,0,0,0,0,1,1,1
"PRPS2",0,0,0,0,1,0,0,0,0,1,1,1
"PRPSAP1",0,0,0,0,1,0,0,0,0,1,1,1
"PRRC2B",0,0,0,0,1,0,0,0,0,1,1,1
"PRRC2C",0,0,0,0,0,1,0,0,0,1,1,1
"PRSS58",0,0,0,0,1,0,0,0,0,1,1,1
"PSG9",0,0,0,0,1,0,0,0,0,1,1,1
"PSMA7",0,0,0,0,0,1,0,0,0,1,1,1
"PSMB10",0,0,0,0,1,0,0,0,0,1,1,1
"PSMD1",0,0,0,0,1,0,0,0,0,1,1,1
"PSMD11",0,0,0,0,1,0,0,0,0,1,1,1
"PSME4",0,0,0,0,1,0,0,0,0,1,1,1
"PTCD1",0,0,0,0,1,0,0,0,0,1,1,1
"PTCH2",0,0,0,0,1,0,0,0,0,1,1,1
"PTCHD4",0,0,0,0,1,0,0,0,0,1,1,1
"PTH1R",0,1,0,0,0,0,0,0,0,1,1,1
"PTK2B",0,0,0,0,1,0,0,0,0,1,1,1
"PTMS",0,0,0,0,1,0,0,0,0,1,1,1
"PTPN13",0,1,0,0,0,0,0,0,0,1,1,1
"PTPN14",0,0,0,0,1,0,0,0,0,1,1,1
"PTPN5",0,0,0,0,1,0,0,0,0,1,1,1
"PTPN6",0,0,0,0,1,0,0,0,0,1,1,1
"PTPRE",0,0,0,0,1,0,0,0,0,1,1,1
"PTPRH",0,0,0,0,1,0,0,0,0,1,1,1
"PTPRO",0,1,0,0,0,0,0,0,0,1,1,1
"PTPRT",0,0,0,0,1,0,0,0,0,1,1,1
"PUF60",0,0,0,0,1,0,0,0,0,1,1,1
"PUS1",0,0,0,0,1,0,0,0,0,1,1,1
"PUS3",0,0,0,0,1,0,0,0,0,1,1,1
"PYGO2",0,0,0,0,1,0,0,0,0,1,1,1
"QRICH1",0,0,0,0,1,0,0,0,0,1,1,1
"QRICH2",0,0,0,0,1,0,0,0,0,1,1,1
"QSOX1",0,0,0,0,1,0,0,0,0,1,1,1
"QTRT1",0,0,0,0,1,0,0,0,0,1,1,1
"R3HCC1L",0,0,0,0,1,0,0,0,0,1,1,1
"RAB11FIP2",0,0,0,0,1,0,0,0,0,1,1,1
"RAB11FIP3",0,0,0,0,1,0,0,0,0,1,1,1
"RAB19",0,0,0,0,1,0,0,0,0,1,1,1
"RAB23",0,0,0,0,1,0,0,0,0,1,1,1
"RAB24",0,0,0,0,1,0,0,0,0,1,1,1
"RAB28",0,0,0,0,1,0,0,0,0,1,1,1
"RAB29",0,0,0,0,1,0,0,0,0,1,1,1
"RAB5IF",0,0,0,0,1,0,0,0,0,1,1,1
"RABGAP1",0,0,0,0,1,0,0,0,0,1,1,1
"RAD21",1,0,0,0,0,0,0,0,0,1,1,1
"RAD23B",1,0,0,0,0,0,0,0,0,1,1,1
"RAI1",0,0,0,0,1,0,0,0,0,1,1,1
"RALGAPB",0,0,0,0,1,0,0,0,0,1,1,1
"RALGPS1",0,0,0,0,1,0,0,0,0,1,1,1
"RALY",0,0,0,0,1,0,0,0,0,1,1,1
"RANBP6",0,0,0,0,1,0,0,0,0,1,1,1
"RAP1B",0,0,0,0,1,0,0,0,0,1,1,1
"RAP1GDS1",0,0,0,0,1,0,0,0,0,1,1,1
"RARS1",0,0,0,0,1,0,0,0,0,1,1,1
"RASGRP2",0,0,0,0,1,0,0,0,0,1,1,1
"RASIP1",0,0,0,0,1,0,0,0,0,1,1,1
"RASL11A",0,0,0,0,1,0,0,0,0,1,1,1
"RASSF1",0,0,0,0,1,0,0,0,0,1,1,1
"RBBP4",0,0,0,0,1,0,0,0,0,1,1,1
"RBFOX2",0,0,0,0,1,0,0,0,0,1,1,1
"RBM11",0,0,0,0,1,0,0,0,0,1,1,1
"RBM15",0,0,0,0,1,0,0,0,0,1,1,1
"RBM3",0,0,0,0,1,0,0,0,0,1,1,1
"RBM42",0,0,0,0,1,0,0,0,0,1,1,1
"RBM48",0,0,0,0,1,0,0,0,0,1,1,1
"RBM4B",0,0,0,0,1,0,0,0,0,1,1,1
"RBMX2",0,0,0,0,1,0,0,0,0,1,1,1
"RBP3",0,0,0,0,0,1,0,0,0,1,1,1
"RBPJ",0,0,0,0,0,1,0,0,0,1,1,1
"REC8",0,0,0,0,1,0,0,0,0,1,1,1
"RELCH",0,0,0,0,0,1,0,0,0,1,1,1
"REPIN1",0,0,0,0,1,0,0,0,0,1,1,1
"RESF1",0,0,0,0,1,0,0,0,0,1,1,1
"REV3L",0,0,0,0,0,1,0,0,0,1,1,1
"RFPL1",0,0,0,0,1,0,0,0,0,1,1,1
"RFX2",0,0,0,0,1,0,0,0,0,1,1,1
"RFX3",0,0,0,0,1,0,0,0,0,1,1,1
"RFX4",0,0,0,0,1,0,0,0,0,1,1,1
"RGL3",0,0,0,0,1,0,0,0,0,1,1,1
"RGS1",0,0,0,0,1,0,0,0,0,1,1,1
"RGS16",0,0,0,0,1,0,0,0,0,1,1,1
"RHBDL3",0,0,0,0,1,0,0,0,0,1,1,1
"RHO",0,0,0,0,1,0,0,0,0,1,1,1
"RIF1",0,0,0,0,1,0,0,0,0,1,1,1
"RILPL2",0,0,0,0,0,1,0,0,0,1,1,1
"RIN3",0,0,0,0,1,0,0,0,0,1,1,1
"RIPK4",0,0,0,0,0,0,0,1,0,1,1,1
"RIPOR1",0,0,0,0,0,0,0,1,0,1,1,1
"RIPOR2",0,0,0,0,1,0,0,0,0,1,1,1
"RIT1",0,0,0,0,1,0,0,0,0,1,1,1
"RLN3",0,0,0,0,1,0,0,0,0,1,1,1
"RNASE2",0,0,0,0,1,0,0,0,0,1,1,1
"RNASE4",0,0,0,0,1,0,0,0,0,1,1,1
"RNASEL",0,0,0,0,1,0,0,0,0,1,1,1
"RND1",0,0,0,0,1,0,0,0,0,1,1,1
"RNF10",0,0,0,0,1,0,0,0,0,1,1,1
"RNF123",0,0,0,0,1,0,0,0,0,1,1,1
"RNF144B",0,0,0,0,1,0,0,0,0,1,1,1
"RNF152",0,0,0,0,1,0,0,0,0,1,1,1
"RNF17",0,0,0,0,1,0,0,0,0,1,1,1
"RNF207",0,0,0,0,0,0,0,1,0,1,1,1
"RNF216",0,0,0,0,1,0,0,0,0,1,1,1
"RNF5",0,0,0,0,1,0,0,0,0,1,1,1
"RNF6",0,0,0,0,1,0,0,0,0,1,1,1
"RNMT",0,0,0,0,1,0,0,0,0,1,1,1
"ROBO2",0,0,0,0,1,0,0,0,0,1,1,1
"ROCK2",0,0,0,0,1,0,0,0,0,1,1,1
"RPGR",0,0,0,0,1,0,0,0,0,1,1,1
"RPGRIP1L",0,0,0,0,1,0,0,0,0,1,1,1
"RPH3AL",0,0,0,0,0,0,0,1,0,1,1,1
"RPL27",0,0,0,0,1,0,0,0,0,1,1,1
"RPL32",0,0,0,0,1,0,0,0,0,1,1,1
"RPL4",0,0,0,0,1,0,0,0,0,1,1,1
"RPL5",0,0,0,0,1,0,0,0,0,1,1,1
"RPL7L1",0,0,0,0,1,0,0,0,0,1,1,1
"RPS12",0,0,0,0,1,0,0,0,0,1,1,1
"RPS18",0,0,0,0,1,0,0,0,0,1,1,1
"RPS6KA1",0,0,0,0,1,0,0,0,0,1,1,1
"RRH",0,0,0,0,1,0,0,0,0,1,1,1
"RRM2B",0,0,0,0,1,0,0,0,0,1,1,1
"RS1",0,0,0,0,1,0,0,0,0,1,1,1
"RSAD2",0,0,0,0,1,0,0,0,0,1,1,1
"RSF1",0,0,0,0,0,0,0,1,0,1,1,1
"RSKR",0,0,0,0,1,0,0,0,0,1,1,1
"RSL1D1",0,0,0,0,1,0,0,0,0,1,1,1
"RSRC1",0,0,0,0,0,1,0,0,0,1,1,1
"RTF1",0,0,0,0,1,0,0,0,0,1,1,1
"RTL8A",0,0,0,0,1,0,0,0,0,1,1,1
"RTN4",0,0,0,0,1,0,0,0,0,1,1,1
"RTN4RL1",0,0,0,0,1,0,0,0,0,1,1,1
"RTTN",0,0,0,0,0,1,0,0,0,1,1,1
"RUNX1T1",0,0,0,0,1,0,0,0,0,1,1,1
"RUVBL2",0,0,0,0,0,1,0,0,0,1,1,1
"RXYLT1",0,1,0,0,0,0,0,0,0,1,1,1
"RYK",0,0,0,0,1,0,0,0,0,1,1,1
"RYR2",0,0,0,0,1,0,0,0,0,1,1,1
"RYR3",0,0,0,0,1,0,0,0,0,1,1,1
"S100G",1,0,0,0,0,0,0,0,0,1,1,1
"S1PR4",0,1,0,0,0,0,0,0,0,1,1,1
"SAGE1",0,0,0,0,1,0,0,0,0,1,1,1
"SALL3",0,0,0,0,1,0,0,0,0,1,1,1
"SAMD9",0,0,0,0,0,1,0,0,0,1,1,1
"SAMHD1",0,0,0,0,1,0,0,0,0,1,1,1
"SASH1",0,0,0,0,1,0,0,0,0,1,1,1
"SCAMP5",0,0,0,0,0,1,0,0,0,1,1,1
"SCARB1",0,1,0,0,0,0,0,0,0,1,1,1
"SCFD2",0,0,0,0,1,0,0,0,0,1,1,1
"SCML2",0,0,0,0,1,0,0,0,0,1,1,1
"SCML4",0,0,0,0,1,0,0,0,0,1,1,1
"SCN1B",0,0,0,0,0,1,0,0,0,1,1,1
"SCN3A",0,0,0,0,1,0,0,0,0,1,1,1
"SCN7A",0,0,0,0,0,1,0,0,0,1,1,1
"SDK1",0,0,0,0,0,1,0,0,0,1,1,1
"SDSL",0,0,0,0,1,0,0,0,0,1,1,1
"SEC23A",0,0,0,0,1,0,0,0,0,1,1,1
"SEC24C",1,0,0,0,0,0,0,0,0,1,1,1
"SEC31A",0,0,0,0,1,0,0,0,0,1,1,1
"SEC31B",0,0,0,0,0,1,0,0,0,1,1,1
"SEH1L",0,0,0,0,1,0,0,0,0,1,1,1
"SEL1L2",0,0,0,0,1,0,0,0,0,1,1,1
"SEL1L3",0,0,0,0,1,0,0,0,0,1,1,1
"SELENON",0,0,0,0,1,0,0,0,0,1,1,1
"SELENOV",0,0,0,0,1,0,0,0,0,1,1,1
"SEMA4F",0,0,0,0,1,0,0,0,0,1,1,1
"SEMA4G",0,0,0,0,1,0,0,0,0,1,1,1
"SEMA6A",0,1,0,0,0,0,0,0,0,1,1,1
"SEMG2",0,0,0,0,1,0,0,0,0,1,1,1
"SEPTIN10",1,0,0,0,0,0,0,0,0,1,1,1
"SEPTIN4",0,0,0,0,1,0,0,0,0,1,1,1
"SERGEF",0,0,0,0,1,0,0,0,0,1,1,1
"SERINC4",0,0,0,0,1,0,0,0,0,1,1,1
"SERINC5",0,0,0,0,1,0,0,0,0,1,1,1
"SERPINA12",0,0,0,0,1,0,0,0,0,1,1,1
"SERPINF2",0,0,0,0,1,0,0,0,0,1,1,1
"SERPING1",0,0,0,0,1,0,0,0,0,1,1,1
"SERTAD4",0,0,0,0,1,0,0,0,0,1,1,1
"SESN2",0,0,0,0,1,0,0,0,0,1,1,1
"SETD3",0,0,0,0,1,0,0,0,0,1,1,1
"SETD5",0,0,0,0,1,0,0,0,0,1,1,1
"SETDB1",0,0,0,0,1,0,0,0,0,1,1,1
"SF3B3",0,0,0,0,1,0,0,0,0,1,1,1
"SFI1",0,0,0,0,1,0,0,0,0,1,1,1
"SFT2D1",0,0,0,0,0,0,0,1,0,1,1,1
"SFXN1",1,0,0,0,0,0,0,0,0,1,1,1
"SGCE",0,0,0,0,1,0,0,0,0,1,1,1
"SGPP2",0,0,0,0,1,0,0,0,0,1,1,1
"SGSM3",0,0,0,0,1,0,0,0,0,1,1,1
"SH2B1",0,0,0,0,1,0,0,0,0,1,1,1
"SH2B3",0,0,0,0,1,0,0,0,0,1,1,1
"SH2D2A",0,0,0,0,1,0,0,0,0,1,1,1
"SH2D4B",0,0,0,0,1,0,0,0,0,1,1,1
"SH3BP4",0,0,0,0,1,0,0,0,0,1,1,1
"SH3RF2",0,0,0,0,1,0,0,0,0,1,1,1
"SHC1",0,0,0,0,1,0,0,0,0,1,1,1
"SHC3",0,1,0,0,0,0,0,0,0,1,1,1
"SHC4",0,0,0,0,0,0,0,1,0,1,1,1
"SHKBP1",0,0,0,0,1,0,0,0,0,1,1,1
"SHPK",0,0,0,0,1,0,0,0,0,1,1,1
"SHROOM3",0,0,0,0,1,0,0,0,0,1,1,1
"SHTN1",0,0,0,0,1,0,0,0,0,1,1,1
"SIGLEC1",0,0,0,0,1,0,0,0,0,1,1,1
"SIGLEC11",0,0,0,0,1,0,0,0,0,1,1,1
"SIK2",0,0,0,0,1,0,0,0,0,1,1,1
"SIK3",0,0,0,0,0,1,0,0,0,1,1,1
"SIN3A",0,0,0,0,1,0,0,0,0,1,1,1
"SIN3B",0,0,0,0,1,0,0,0,0,1,1,1
"SIPA1L2",0,0,0,0,1,0,0,0,0,1,1,1
"SIRPG",0,0,0,0,0,1,0,0,0,1,1,1
"SIRT1",0,0,0,0,1,0,0,0,0,1,1,1
"SIRT2",0,0,0,0,1,0,0,0,0,1,1,1
"SIRT6",0,0,0,0,1,0,0,0,0,1,1,1
"SIX4",0,0,0,0,1,0,0,0,0,1,1,1
"SIX6",0,0,0,0,1,0,0,0,0,1,1,1
"SLAMF9",0,0,0,0,1,0,0,0,0,1,1,1
"SLC13A4",0,0,0,0,0,0,0,1,0,1,1,1
"SLC15A2",0,0,0,0,1,0,0,0,0,1,1,1
"SLC16A1",0,1,0,0,0,0,0,0,0,1,1,1
"SLC16A12",0,0,0,0,1,0,0,0,0,1,1,1
"SLC16A7",0,0,0,0,1,0,0,0,0,1,1,1
"SLC17A3",1,0,0,0,0,0,0,0,0,1,1,1
"SLC18A1",0,0,0,0,1,0,0,0,0,1,1,1
"SLC1A1",0,0,0,0,1,0,0,0,0,1,1,1
"SLC22A10",1,0,0,0,0,0,0,0,0,1,1,1
"SLC22A11",0,0,0,0,0,1,0,0,0,1,1,1
"SLC22A23",0,0,0,0,1,0,0,0,0,1,1,1
"SLC22A6",0,1,0,0,0,0,0,0,0,1,1,1
"SLC22A7",0,0,0,0,1,0,0,0,0,1,1,1
"SLC23A2",0,0,0,0,1,0,0,0,0,1,1,1
"SLC25A24",0,0,0,0,1,0,0,0,0,1,1,1
"SLC25A25",0,0,0,0,1,0,0,0,0,1,1,1
"SLC25A52",0,0,0,0,1,0,0,0,0,1,1,1
"SLC29A1",0,0,0,0,1,0,0,0,0,1,1,1
"SLC2A6",0,0,0,0,1,0,0,0,0,1,1,1
"SLC30A3",0,0,0,0,1,0,0,0,0,1,1,1
"SLC34A1",0,0,0,0,1,0,0,0,0,1,1,1
"SLC35F1",0,0,0,0,1,0,0,0,0,1,1,1
"SLC35F3",0,0,0,0,0,1,0,0,0,1,1,1
"SLC38A11",0,0,0,0,1,0,0,0,0,1,1,1
"SLC38A4",0,0,0,0,1,0,0,0,0,1,1,1
"SLC38A6",0,0,0,0,1,0,0,0,0,1,1,1
"SLC39A6",0,0,0,0,1,0,0,0,0,1,1,1
"SLC41A1",0,0,0,0,1,0,0,0,0,1,1,1
"SLC43A1",0,0,0,0,1,0,0,0,0,1,1,1
"SLC44A3",0,0,0,0,1,0,0,0,0,1,1,1
"SLC4A7",0,0,0,0,1,0,0,0,0,1,1,1
"SLC5A2",0,0,0,0,1,0,0,0,0,1,1,1
"SLC5A6",0,0,0,0,1,0,0,0,0,1,1,1
"SLC6A8",0,0,0,0,1,0,0,0,0,1,1,1
"SLC7A10",0,0,0,0,1,0,0,0,0,1,1,1
"SLC7A13",0,0,0,0,1,0,0,0,0,1,1,1
"SLC7A8",0,0,0,0,1,0,0,0,0,1,1,1
"SLC7A9",0,0,0,0,1,0,0,0,0,1,1,1
"SLC8A2",0,0,0,0,1,0,0,0,0,1,1,1
"SLC9C1",0,0,0,0,1,0,0,0,0,1,1,1
"SLCO1B1",0,0,0,0,1,0,0,0,0,1,1,1
"SLCO5A1",0,0,0,0,1,0,0,0,0,1,1,1
"SLFNL1",0,0,0,0,1,0,0,0,0,1,1,1
"SLIT3",0,0,0,0,0,0,0,1,0,1,1,1
"SLITRK2",0,0,0,0,1,0,0,0,0,1,1,1
"SLMAP",0,0,0,0,1,0,0,0,0,1,1,1
"SLU7",0,0,0,0,0,1,0,0,0,1,1,1
"SMAD9",0,0,0,0,1,0,0,0,0,1,1,1
"SMARCC1",0,1,0,0,0,0,0,0,0,1,1,1
"SMC4",0,0,0,0,1,0,0,0,0,1,1,1
"SMC5",0,0,0,0,1,0,0,0,0,1,1,1
"SMG1",0,0,0,0,1,0,0,0,0,1,1,1
"SMG5",0,0,0,0,1,0,0,0,0,1,1,1
"SMG9",0,0,0,0,1,0,0,0,0,1,1,1
"SMOX",0,0,0,0,1,0,0,0,0,1,1,1
"SMTN",0,0,0,0,1,0,0,0,0,1,1,1
"SNED1",0,0,0,0,1,0,0,0,0,1,1,1
"SNF8",0,0,0,0,1,0,0,0,0,1,1,1
"SNRNP200",0,0,0,0,1,0,0,0,0,1,1,1
"SNX33",0,0,0,0,0,1,0,0,0,1,1,1
"SOBP",0,0,0,0,1,0,0,0,0,1,1,1
"SOGA1",0,0,0,0,1,0,0,0,0,1,1,1
"SORBS2",0,1,0,0,0,0,0,0,0,1,1,1
"SORCS1",0,0,0,0,1,0,0,0,0,1,1,1
"SOS1",0,0,0,0,0,0,0,1,0,1,1,1
"SP100",0,0,0,0,1,0,0,0,0,1,1,1
"SPACA1",0,0,0,0,1,0,0,0,0,1,1,1
"SPAG17",0,0,0,0,1,0,0,0,0,1,1,1
"SPAM1",0,0,0,0,1,0,0,0,0,1,1,1
"SPARCL1",0,0,0,0,1,0,0,0,0,1,1,1
"SPATA16",0,0,0,0,0,1,0,0,0,1,1,1
"SPATA20",0,0,0,0,0,0,0,1,0,1,1,1
"SPATA31A1",0,0,0,0,1,0,0,0,0,1,1,1
"SPATA6L",0,0,0,0,1,0,0,0,0,1,1,1
"SPDYA",0,0,0,0,1,0,0,0,0,1,1,1
"SPDYE1",0,0,0,0,1,0,0,0,0,1,1,1
"SPEF2",0,0,0,0,1,0,0,0,0,1,1,1
"SPESP1",0,0,0,0,1,0,0,0,0,1,1,1
"SPI1",0,0,0,0,1,0,0,0,0,1,1,1
"SPINK9",0,0,0,0,1,0,0,0,0,1,1,1
"SPN",0,0,0,0,1,0,0,0,0,1,1,1
"SPOCD1",0,0,0,0,0,1,0,0,0,1,1,1
"SPON1",0,0,0,0,1,0,0,0,0,1,1,1
"SPP1",0,0,0,0,1,0,0,0,0,1,1,1
"SPPL2C",0,0,0,0,1,0,0,0,0,1,1,1
"SPRED2",0,0,0,0,1,0,0,0,0,1,1,1
"SPRY3",0,0,0,0,1,0,0,0,0,1,1,1
"SPTBN4",0,0,0,0,1,0,0,0,0,1,1,1
"SRA1",0,0,0,0,1,0,0,0,0,1,1,1
"SREK1",0,0,0,0,1,0,0,0,0,1,1,1
"SRF",0,1,0,0,0,0,0,0,0,1,1,1
"SRR",0,0,0,0,1,0,0,0,0,1,1,1
"SSH1",0,1,0,0,0,0,0,0,0,1,1,1
"SSH3",0,0,0,0,1,0,0,0,0,1,1,1
"SSTR4",0,0,0,0,1,0,0,0,0,1,1,1
"ST3GAL3",0,0,0,0,0,1,0,0,0,1,1,1
"ST6GALNAC4",0,0,0,0,1,0,0,0,0,1,1,1
"STAMBPL1",0,0,0,0,1,0,0,0,0,1,1,1
"STAT3",0,0,0,0,1,0,0,0,0,1,1,1
"STAT4",0,0,0,0,1,0,0,0,0,1,1,1
"STAT5A",1,0,0,0,0,0,0,0,0,1,1,1
"STAT6",0,0,0,0,1,0,0,0,0,1,1,1
"STK33",0,0,0,0,1,0,0,0,0,1,1,1
"STRC",0,0,0,0,1,0,0,0,0,1,1,1
"STRN",0,0,1,0,0,0,0,0,0,1,1,1
"STT3B",0,0,0,0,1,0,0,0,0,1,1,1
"STX3",0,0,0,0,1,0,0,0,0,1,1,1
"STX5",1,0,0,0,0,0,0,0,0,1,1,1
"SULT1A1",0,0,0,0,1,0,0,0,0,1,1,1
"SUMF2",0,0,0,0,1,0,0,0,0,1,1,1
"SUPT5H",0,0,0,0,1,0,0,0,0,1,1,1
"SUPT6H",0,0,0,0,1,0,0,0,0,1,1,1
"SURF1",0,0,0,0,1,0,0,0,0,1,1,1
"SV2B",0,0,0,0,1,0,0,0,0,1,1,1
"SYBU",0,0,0,0,1,0,0,0,0,1,1,1
"SYK",0,0,0,0,1,0,0,0,0,1,1,1
"SYN3",0,0,0,0,1,0,0,0,0,1,1,1
"SYNCRIP",0,0,0,0,1,0,0,0,0,1,1,1
"SYNE4",0,0,0,0,1,0,0,0,0,1,1,1
"SYNJ2",0,1,0,0,0,0,0,0,0,1,1,1
"SYT1",0,0,0,0,1,0,0,0,0,1,1,1
"SYT11",0,1,0,0,0,0,0,0,0,1,1,1
"SYT17",0,0,0,0,1,0,0,0,0,1,1,1
"SYT3",0,1,0,0,0,0,0,0,0,1,1,1
"SYVN1",0,0,0,0,1,0,0,0,0,1,1,1
"TAAR6",0,0,0,0,1,0,0,0,0,1,1,1
"TAF1",0,0,0,0,1,0,0,0,0,1,1,1
"TAF11",0,1,0,0,0,0,0,0,0,1,1,1
"TAF2",0,1,0,0,0,0,0,0,0,1,1,1
"TAF6L",0,0,0,0,1,0,0,0,0,1,1,1
"TAF8",0,0,0,0,1,0,0,0,0,1,1,1
"TANC1",0,0,0,0,1,0,0,0,0,1,1,1
"TANC2",1,0,0,0,0,0,0,0,0,1,1,1
"TARBP2",0,0,0,0,1,0,0,0,0,1,1,1
"TAS1R1",0,0,0,0,1,0,0,0,0,1,1,1
"TAS1R2",0,1,0,0,0,0,0,0,0,1,1,1
"TAS2R5",0,0,0,0,1,0,0,0,0,1,1,1
"TAS2R7",0,0,0,0,1,0,0,0,0,1,1,1
"TAS2R8",0,0,0,0,1,0,0,0,0,1,1,1
"TBC1D10B",0,0,0,0,1,0,0,0,0,1,1,1
"TBC1D15",0,0,0,0,1,0,0,0,0,1,1,1
"TBC1D8B",0,0,0,0,1,0,0,0,0,1,1,1
"TBK1",0,0,0,0,1,0,0,0,0,1,1,1
"TBL1X",0,1,0,0,0,0,0,0,0,1,1,1
"TBX15",0,0,0,0,1,0,0,0,0,1,1,1
"TBX18",0,0,0,0,1,0,0,0,0,1,1,1
"TCAF1",0,0,0,0,1,0,0,0,0,1,1,1
"TCEA3",0,0,0,0,1,0,0,0,0,1,1,1
"TCEANC",0,0,0,0,1,0,0,0,0,1,1,1
"TCERG1L",0,0,0,0,1,0,0,0,0,1,1,1
"TCF20",0,1,0,0,0,0,0,0,0,1,1,1
"TCF4",0,1,0,0,0,0,0,0,0,1,1,1
"TCF7",0,0,0,0,1,0,0,0,0,1,1,1
"TCL1A",0,0,0,0,1,0,0,0,0,1,1,1
"TCTN2",0,0,0,0,1,0,0,0,0,1,1,1
"TDRD9",0,0,0,0,1,0,0,0,0,1,1,1
"TECRL",0,0,0,0,1,0,0,0,0,1,1,1
"TECTA",0,0,0,0,1,0,0,0,0,1,1,1
"TEK",0,0,0,0,1,0,0,0,0,1,1,1
"TEKT1",0,0,0,0,1,0,0,0,0,1,1,1
"TEKT4",0,0,0,0,1,0,0,0,0,1,1,1
"TENT2",0,0,0,0,1,0,0,0,0,1,1,1
"TENT5B",0,0,0,0,1,0,0,0,0,1,1,1
"TET1",0,0,0,0,1,0,0,0,0,1,1,1
"TET2",1,0,0,0,0,0,0,0,0,1,1,1
"TET3",0,1,0,0,0,0,0,0,0,1,1,1
"TEX15",0,0,0,0,1,0,0,0,0,1,1,1
"TEX19",0,0,0,0,1,0,0,0,0,1,1,1
"TFAM",0,0,0,0,1,0,0,0,0,1,1,1
"TFEB",0,0,0,0,1,0,0,0,0,1,1,1
"TG",0,0,0,0,1,0,0,0,0,1,1,1
"TGIF1",0,0,0,0,1,0,0,0,0,1,1,1
"TGM2",0,0,0,0,1,0,0,0,0,1,1,1
"TGM5",0,0,0,0,1,0,0,0,0,1,1,1
"TGM6",0,0,0,0,1,0,0,0,0,1,1,1
"TGM7",0,0,0,0,1,0,0,0,0,1,1,1
"THAP12",0,0,0,0,1,0,0,0,0,1,1,1
"THEM5",0,0,0,0,1,0,0,0,0,1,1,1
"THOC1",0,0,0,0,0,1,0,0,0,1,1,1
"THRA",0,0,0,0,1,0,0,0,0,1,1,1
"THRB",0,0,0,0,1,0,0,0,0,1,1,1
"THSD4",0,0,0,0,0,1,0,0,0,1,1,1
"THSD7A",0,0,0,0,1,0,0,0,0,1,1,1
"THSD7B",0,0,0,0,1,0,0,0,0,1,1,1
"TIAF1",0,0,0,0,1,0,0,0,0,1,1,1
"TIGIT",0,0,0,0,1,0,0,0,0,1,1,1
"TIMELESS",0,0,0,0,0,1,0,0,0,1,1,1
"TJP1",0,0,0,0,1,0,0,0,0,1,1,1
"TLE3",0,0,0,0,1,0,0,0,0,1,1,1
"TLE4",0,0,0,0,1,0,0,0,0,1,1,1
"TLE6",0,0,0,0,1,0,0,0,0,1,1,1
"TLL1",0,0,0,0,1,0,0,0,0,1,1,1
"TLN1",0,0,0,0,1,0,0,0,0,1,1,1
"TLR4",1,0,0,0,0,0,0,0,0,1,1,1
"TLR7",0,0,0,0,1,0,0,0,0,1,1,1
"TM7SF3",0,0,0,0,1,0,0,0,0,1,1,1
"TM9SF1",0,0,0,0,0,0,0,1,0,1,1,1
"TM9SF3",0,0,0,0,1,0,0,0,0,1,1,1
"TMED1",0,0,0,0,1,0,0,0,0,1,1,1
"TMEM104",0,0,0,0,0,1,0,0,0,1,1,1
"TMEM14B",0,0,0,0,1,0,0,0,0,1,1,1
"TMEM163",0,0,0,0,1,0,0,0,0,1,1,1
"TMEM171",0,1,0,0,0,0,0,0,0,1,1,1
"TMEM179B",0,0,0,0,0,1,0,0,0,1,1,1
"TMEM200A",0,0,0,0,1,0,0,0,0,1,1,1
"TMEM217",0,0,0,0,1,0,0,0,0,1,1,1
"TMEM231",0,0,0,0,1,0,0,0,0,1,1,1
"TMEM251",0,0,0,0,1,0,0,0,0,1,1,1
"TMEM268",0,0,0,0,1,0,0,0,0,1,1,1
"TMEM47",0,0,0,0,1,0,0,0,0,1,1,1
"TMEM63B",0,0,0,0,1,0,0,0,0,1,1,1
"TMEM67",0,0,0,0,1,0,0,0,0,1,1,1
"TMEM74",0,0,0,0,1,0,0,0,0,1,1,1
"TMLHE",0,0,0,0,1,0,0,0,0,1,1,1
"TMOD2",0,0,0,0,1,0,0,0,0,1,1,1
"TMPRSS4",0,0,0,0,1,0,0,0,0,1,1,1
"TMPRSS7",0,0,0,0,1,0,0,0,0,1,1,1
"TMSB15A",0,0,0,0,1,0,0,0,0,1,1,1
"TMTC4",0,0,0,0,1,0,0,0,0,1,1,1
"TNFRSF13B",0,0,0,0,1,0,0,0,0,1,1,1
"TNFSF8",0,0,0,0,1,0,0,0,0,1,1,1
"TNKS1BP1",0,0,0,0,1,0,0,0,0,1,1,1
"TNN",0,0,0,0,1,0,0,0,0,1,1,1
"TNNT2",0,0,0,0,1,0,0,0,0,1,1,1
"TNR",0,0,0,0,1,0,0,0,0,1,1,1
"TNRC6A",0,0,0,0,1,0,0,0,0,1,1,1
"TNRC6B",0,0,0,0,1,0,0,0,0,1,1,1
"TNS2",0,0,0,0,1,0,0,0,0,1,1,1
"TNS3",0,1,0,0,0,0,0,0,0,1,1,1
"TNS4",0,0,0,0,1,0,0,0,0,1,1,1
"TOGARAM1",0,0,0,0,1,0,0,0,0,1,1,1
"TOM1L2",0,0,0,0,1,0,0,0,0,1,1,1
"TOMM34",0,0,0,0,1,0,0,0,0,1,1,1
"TOP1",0,0,0,0,1,0,0,0,0,1,1,1
"TOR3A",0,0,0,0,1,0,0,0,0,1,1,1
"TP53INP1",0,0,0,0,1,0,0,0,0,1,1,1
"TPH1",0,0,0,0,1,0,0,0,0,1,1,1
"TPO",0,0,0,0,1,0,0,0,0,1,1,1
"TPX2",0,0,0,0,1,0,0,0,0,1,1,1
"TRAF1",0,0,0,0,1,0,0,0,0,1,1,1
"TRAF3IP2",0,0,0,0,1,0,0,0,0,1,1,1
"TRAJ37",0,0,0,0,1,0,0,0,0,1,1,1
"TRAM1L1",0,0,0,0,1,0,0,0,0,1,1,1
"TRAV19",0,0,0,0,1,0,0,0,0,1,1,1
"TRBV2",0,1,0,0,0,0,0,0,0,1,1,1
"TRDV3",0,0,0,0,1,0,0,0,0,1,1,1
"TREM1",0,0,0,0,1,0,0,0,0,1,1,1
"TRIM10",0,0,0,0,1,0,0,0,0,1,1,1
"TRIM24",0,0,0,0,1,0,0,0,0,1,1,1
"TRIM33",0,0,0,0,1,0,0,0,0,1,1,1
"TRIM48",0,0,0,0,1,0,0,0,0,1,1,1
"TRIM5",0,0,0,0,1,0,0,0,0,1,1,1
"TRIM58",0,0,0,0,1,0,0,0,0,1,1,1
"TRIM65",0,0,0,0,1,0,0,0,0,1,1,1
"TRIP10",0,1,0,0,0,0,0,0,0,1,1,1
"TRIP4",0,0,0,0,0,0,0,1,0,1,1,1
"TRMO",0,0,0,0,1,0,0,0,0,1,1,1
"TRMT5",0,0,0,0,1,0,0,0,0,1,1,1
"TRNT1",0,0,0,0,1,0,0,0,0,1,1,1
"TRPC3",0,0,0,0,0,1,0,0,0,1,1,1
"TRPC6",0,0,0,0,1,0,0,0,0,1,1,1
"TRPM1",0,0,0,0,1,0,0,0,0,1,1,1
"TRPM2",0,0,0,0,1,0,0,0,0,1,1,1
"TRPM4",0,0,0,0,1,0,0,0,0,1,1,1
"TRPV6",0,0,0,0,1,0,0,0,0,1,1,1
"TSC22D2",0,0,0,0,1,0,0,0,0,1,1,1
"TSG101",0,0,0,0,1,0,0,0,0,1,1,1
"TSGA10",0,0,0,0,1,0,0,0,0,1,1,1
"TSGA13",0,0,0,0,1,0,0,0,0,1,1,1
"TSHZ1",1,0,0,0,0,0,0,0,0,1,1,1
"TSHZ3",0,0,0,0,1,0,0,0,0,1,1,1
"TSPAN33",0,0,0,0,1,0,0,0,0,1,1,1
"TSPAN5",0,0,0,0,1,0,0,0,0,1,1,1
"TTBK1",0,0,0,0,1,0,0,0,0,1,1,1
"TTBK2",0,0,0,0,1,0,0,0,0,1,1,1
"TTC21A",0,0,0,0,1,0,0,0,0,1,1,1
"TTC26",0,0,0,0,0,1,0,0,0,1,1,1
"TTC4",0,0,0,0,1,0,0,0,0,1,1,1
"TTC6",0,0,0,0,1,0,0,0,0,1,1,1
"TTLL1",0,0,0,0,1,0,0,0,0,1,1,1
"TTLL2",0,0,0,0,1,0,0,0,0,1,1,1
"TTLL3",0,0,0,0,1,0,0,0,0,1,1,1
"TTLL8",0,1,0,0,0,0,0,0,0,1,1,1
"TTLL9",0,0,0,0,1,0,0,0,0,1,1,1
"TTPA",0,0,0,0,1,0,0,0,0,1,1,1
"TUB",0,0,0,0,1,0,0,0,0,1,1,1
"TUBA1A",0,0,0,0,1,0,0,0,0,1,1,1
"TUBA1B",0,0,0,0,1,0,0,0,0,1,1,1
"TUBB4A",0,0,0,0,1,0,0,0,0,1,1,1
"TUBD1",0,0,0,0,0,0,0,1,0,1,1,1
"TULP1",0,0,0,0,1,0,0,0,0,1,1,1
"TWNK",0,0,0,0,1,0,0,0,0,1,1,1
"TXNDC2",0,0,0,0,1,0,0,0,0,1,1,1
"TXNIP",0,0,0,0,1,0,0,0,0,1,1,1
"UBA6",0,0,0,0,0,1,0,0,0,1,1,1
"UBAP2L",0,0,0,0,1,0,0,0,0,1,1,1
"UBE2G2",0,0,0,0,1,0,0,0,0,1,1,1
"UBE2L6",0,0,0,0,1,0,0,0,0,1,1,1
"UBP1",0,0,0,0,1,0,0,0,0,1,1,1
"UBR2",0,0,0,0,0,1,0,0,0,1,1,1
"UBR5",0,1,0,0,0,0,0,0,0,1,1,1
"UBXN7",0,1,0,0,0,0,0,0,0,1,1,1
"UFD1",0,0,0,0,1,0,0,0,0,1,1,1
"UFSP2",0,0,0,0,1,0,0,0,0,1,1,1
"UGGT2",0,0,0,0,1,0,0,0,0,1,1,1
"UGP2",0,0,0,0,1,0,0,0,0,1,1,1
"UGT2B17",0,0,0,0,1,0,0,0,0,1,1,1
"UHRF2",0,0,0,0,1,0,0,0,0,1,1,1
"ULK4",0,0,0,0,1,0,0,0,0,1,1,1
"UNC45B",0,0,0,0,1,0,0,0,0,1,1,1
"UNC5D",0,0,0,0,1,0,0,0,0,1,1,1
"UPF1",0,0,0,0,1,0,0,0,0,1,1,1
"UQCC1",0,0,0,0,1,0,0,0,0,1,1,1
"USB1",0,1,0,0,0,0,0,0,0,1,1,1
"USHBP1",0,0,0,0,1,0,0,0,0,1,1,1
"USP18",0,0,0,0,0,1,0,0,0,1,1,1
"USP19",0,0,0,0,1,0,0,0,0,1,1,1
"USP26",0,0,0,0,1,0,0,0,0,1,1,1
"USP31",0,0,0,0,1,0,0,0,0,1,1,1
"USP32",0,0,0,0,1,0,0,0,0,1,1,1
"USP33",0,0,0,0,1,0,0,0,0,1,1,1
"USP34",0,0,0,0,0,1,0,0,0,1,1,1
"USP35",0,0,0,0,1,0,0,0,0,1,1,1
"USP43",0,0,0,0,1,0,0,0,0,1,1,1
"USP48",0,0,0,0,0,1,0,0,0,1,1,1
"USP8",0,0,0,0,1,0,0,0,0,1,1,1
"UTP25",0,0,0,0,1,0,0,0,0,1,1,1
"VASH1",0,0,0,0,1,0,0,0,0,1,1,1
"VASH2",0,0,0,0,1,0,0,0,0,1,1,1
"VCL",0,0,0,0,1,0,0,0,0,1,1,1
"VDAC1",0,0,0,0,1,0,0,0,0,1,1,1
"VIL1",0,0,0,0,1,0,0,0,0,1,1,1
"VIRMA",0,0,0,0,1,0,0,0,0,1,1,1
"VLDLR",0,0,0,0,1,0,0,0,0,1,1,1
"VN1R4",1,0,0,0,0,0,0,0,0,1,1,1
"VNN3",0,0,0,0,1,0,0,0,0,1,1,1
"VPS13C",0,0,0,0,1,0,0,0,0,1,1,1
"VPS41",0,0,0,0,1,0,0,0,0,1,1,1
"VPS4A",0,0,0,0,1,0,0,0,0,1,1,1
"VPS52",0,1,0,0,0,0,0,0,0,1,1,1
"VPS72",0,0,0,0,1,0,0,0,0,1,1,1
"VPS8",0,0,0,0,1,0,0,0,0,1,1,1
"VTN",0,0,0,0,1,0,0,0,0,1,1,1
"VWA8",0,0,0,0,1,0,0,0,0,1,1,1
"WARS1",0,0,0,0,0,1,0,0,0,1,1,1
"WASHC2A",0,0,0,0,1,0,0,0,0,1,1,1
"WDR35",0,0,0,0,1,0,0,0,0,1,1,1
"WDR5",0,0,0,0,1,0,0,0,0,1,1,1
"WDR6",0,0,0,0,1,0,0,0,0,1,1,1
"WDR7",0,0,0,0,1,0,0,0,0,1,1,1
"WDR73",1,0,0,0,0,0,0,0,0,1,1,1
"WDR77",0,0,0,0,1,0,0,0,0,1,1,1
"WDR88",0,0,0,0,1,0,0,0,0,1,1,1
"WDSUB1",0,0,0,0,1,0,0,0,0,1,1,1
"WDTC1",0,0,0,0,1,0,0,0,0,1,1,1
"WEE2",0,0,0,0,1,0,0,0,0,1,1,1
"WHRN",0,0,0,0,1,0,0,0,0,1,1,1
"WNK2",0,0,0,0,1,0,0,0,0,1,1,1
"WNK3",0,0,0,0,1,0,0,0,0,1,1,1
"WNT10A",0,1,0,0,0,0,0,0,0,1,1,1
"WRN",0,0,0,0,1,0,0,0,0,1,1,1
"XIRP1",0,0,0,0,1,0,0,0,0,1,1,1
"XIRP2",0,0,0,0,1,0,0,0,0,1,1,1
"XKR4",0,0,0,0,1,0,0,0,0,1,1,1
"XKRX",0,0,0,0,1,0,0,0,0,1,1,1
"XYLT1",0,0,0,0,1,0,0,0,0,1,1,1
"YEATS2",0,0,0,0,1,0,0,0,0,1,1,1
"YIF1B",0,0,0,0,1,0,0,0,0,1,1,1
"YLPM1",0,0,0,0,1,0,0,0,0,1,1,1
"YWHAE",0,0,0,0,1,0,0,0,0,1,1,1
"ZAN",0,0,0,0,1,0,0,0,0,1,1,1
"ZBTB16",0,0,0,0,1,0,0,0,0,1,1,1
"ZBTB22",0,0,0,0,1,0,0,0,0,1,1,1
"ZBTB3",0,0,0,0,0,1,0,0,0,1,1,1
"ZBTB33",0,0,0,0,1,0,0,0,0,1,1,1
"ZBTB44",0,0,0,0,1,0,0,0,0,1,1,1
"ZBTB7B",0,0,0,0,1,0,0,0,0,1,1,1
"ZBTB7C",0,0,0,0,1,0,0,0,0,1,1,1
"ZC3H12A",0,0,0,0,1,0,0,0,0,1,1,1
"ZC3H12B",1,0,0,0,0,0,0,0,0,1,1,1
"ZC3H15",0,0,0,0,1,0,0,0,0,1,1,1
"ZC3H18",0,0,0,0,1,0,0,0,0,1,1,1
"ZDHHC11",0,0,0,0,1,0,0,0,0,1,1,1
"ZDHHC23",0,0,0,0,1,0,0,0,0,1,1,1
"ZDHHC3",0,1,0,0,0,0,0,0,0,1,1,1
"ZDHHC9",0,0,0,0,1,0,0,0,0,1,1,1
"ZEB2",0,0,0,0,1,0,0,0,0,1,1,1
"ZFAND1",0,0,0,0,1,0,0,0,0,1,1,1
"ZFHX3",0,0,0,0,1,0,0,0,0,1,1,1
"ZFP2",0,0,0,0,1,0,0,0,0,1,1,1
"ZFP36L1",0,0,0,0,1,0,0,0,0,1,1,1
"ZFP42",0,0,0,0,1,0,0,0,0,1,1,1
"ZFP69B",0,0,0,0,1,0,0,0,0,1,1,1
"ZFY",0,0,0,0,1,0,0,0,0,1,1,1
"ZIC4",0,0,0,0,1,0,0,0,0,1,1,1
"ZMPSTE24",0,0,0,0,1,0,0,0,0,1,1,1
"ZMYND8",0,0,0,0,1,0,0,0,0,1,1,1
"ZNF112",0,0,0,0,1,0,0,0,0,1,1,1
"ZNF12",0,0,0,0,1,0,0,0,0,1,1,1
"ZNF132",0,0,0,0,1,0,0,0,0,1,1,1
"ZNF133",0,0,0,0,1,0,0,0,0,1,1,1
"ZNF142",0,0,0,0,0,1,0,0,0,1,1,1
"ZNF155",0,0,0,0,1,0,0,0,0,1,1,1
"ZNF160",0,0,0,0,1,0,0,0,0,1,1,1
"ZNF236",0,0,0,0,1,0,0,0,0,1,1,1
"ZNF24",0,0,0,0,1,0,0,0,0,1,1,1
"ZNF250",0,0,0,0,1,0,0,0,0,1,1,1
"ZNF318",0,1,0,0,0,0,0,0,0,1,1,1
"ZNF319",0,0,0,0,1,0,0,0,0,1,1,1
"ZNF33B",0,0,0,0,1,0,0,0,0,1,1,1
"ZNF341",0,0,0,0,1,0,0,0,0,1,1,1
"ZNF347",0,0,0,0,1,0,0,0,0,1,1,1
"ZNF354A",0,0,0,0,1,0,0,0,0,1,1,1
"ZNF395",0,0,0,0,1,0,0,0,0,1,1,1
"ZNF398",0,0,0,0,1,0,0,0,0,1,1,1
"ZNF404",0,0,0,0,1,0,0,0,0,1,1,1
"ZNF407",0,0,0,0,1,0,0,0,0,1,1,1
"ZNF41",0,0,0,0,1,0,0,0,0,1,1,1
"ZNF473",0,0,0,0,1,0,0,0,0,1,1,1
"ZNF490",0,0,0,0,1,0,0,0,0,1,1,1
"ZNF507",0,0,0,0,1,0,0,0,0,1,1,1
"ZNF530",0,0,0,0,1,0,0,0,0,1,1,1
"ZNF556",0,0,0,0,0,1,0,0,0,1,1,1
"ZNF562",0,1,0,0,0,0,0,0,0,1,1,1
"ZNF574",0,1,0,0,0,0,0,0,0,1,1,1
"ZNF578",0,0,0,0,1,0,0,0,0,1,1,1
"ZNF606",0,0,0,0,1,0,0,0,0,1,1,1
"ZNF622",0,0,0,0,1,0,0,0,0,1,1,1
"ZNF624",0,0,0,0,1,0,0,0,0,1,1,1
"ZNF653",0,0,0,0,1,0,0,0,0,1,1,1
"ZNF662",0,0,0,0,1,0,0,0,0,1,1,1
"ZNF670",0,0,0,0,1,0,0,0,0,1,1,1
"ZNF681",0,0,0,0,1,0,0,0,0,1,1,1
"ZNF683",1,0,0,0,0,0,0,0,0,1,1,1
"ZNF687",0,0,0,0,1,0,0,0,0,1,1,1
"ZNF695",0,0,0,0,1,0,0,0,0,1,1,1
"ZNF711",0,0,0,0,1,0,0,0,0,1,1,1
"ZNF74",0,0,0,0,1,0,0,0,0,1,1,1
"ZNF765",0,0,0,0,1,0,0,0,0,1,1,1
"ZNF766",0,0,0,0,1,0,0,0,0,1,1,1
"ZNF77",0,0,0,0,1,0,0,0,0,1,1,1
"ZNF780A",0,0,0,0,1,0,0,0,0,1,1,1
"ZNF783",0,0,0,0,1,0,0,0,0,1,1,1
"ZNF8",0,0,0,0,1,0,0,0,0,1,1,1
"ZNF804B",0,0,0,0,0,1,0,0,0,1,1,1
"ZNF808",0,0,0,0,1,0,0,0,0,1,1,1
"ZNF827",1,0,0,0,0,0,0,0,0,1,1,1
"ZNF84",0,0,0,0,1,0,0,0,0,1,1,1
"ZNF846",0,0,0,0,1,0,0,0,0,1,1,1
"ZNF875",0,0,0,0,1,0,0,0,0,1,1,1
"ZNFX1",0,0,0,0,1,0,0,0,0,1,1,1
"ZNRF4",0,0,0,0,1,0,0,0,0,1,1,1
"ZP3",0,0,0,0,1,0,0,0,0,1,1,1
"ZPBP",0,0,0,0,1,0,0,0,0,1,1,1
"ZSCAN21",0,0,0,0,1,0,0,0,0,1,1,1
"ZSWIM5",0,0,0,0,1,0,0,0,0,1,1,1
